Source;Target;Reciprocated?;ID;Label
Twitelina;PetRuot;Yes;3;Followed
PetRuot;markkuhuusko;No;4;Followed
PetRuot;markojunkkari;No;5;Followed
PetRuot;AppelsinUlla;No;6;Followed
PetRuot;KaiusNiemi;No;7;Followed
PetRuot;PerttuKauppinen;No;8;Followed
PetRuot;JussiPullinen;No;9;Followed
PetRuot;Twitelina;Yes;10;Followed
PetRuot;HolopainenMinna;No;11;Followed
PetRuot;reijoruokanen;No;12;Followed
PetRuot;Petri2020;No;13;Followed
JLahteenmaa;MiraMkel2;No;14;Followed
JLahteenmaa;markojunkkari;No;15;Followed
KaiusNiemi;JLahteenmaa;No;16;Followed
afBjorkesten;lenaskogberg;Yes;17;Followed
RiittaMonto;lenaskogberg;Yes;18;Followed
HolopainenMinna;lenaskogberg;Yes;19;Followed
RVenalainen;lenaskogberg;Yes;20;Followed
lenaskogberg;afBjorkesten;Yes;21;Followed
lenaskogberg;HolopainenMinna;Yes;22;Followed
lenaskogberg;CamillaBerggre2;Yes;23;Followed
lenaskogberg;merjaya;No;24;Followed
lenaskogberg;markojunkkari;No;25;Followed
lenaskogberg;AppelsinUlla;No;26;Followed
lenaskogberg;RVenalainen;Yes;27;Followed
lenaskogberg;RiittaMonto;Yes;28;Followed
lenaskogberg;attesakari;No;29;Followed
lenaskogberg;KaiusNiemi;No;30;Followed
lenaskogberg;TimoHaapala;No;31;Followed
lenaskogberg;EYlajarvi;No;32;Followed
CamillaBerggre2;lenaskogberg;Yes;33;Followed
ErkkiSummanen;InkeriPasanen;Yes;34;Followed
afBjorkesten;InkeriPasanen;No;35;Followed
PekkaMervola;InkeriPasanen;Yes;36;Followed
HolopainenMinna;InkeriPasanen;Yes;37;Followed
InkeriPasanen;PekkaMervola;Yes;38;Followed
InkeriPasanen;ErkkiSummanen;Yes;39;Followed
InkeriPasanen;HolopainenMinna;Yes;40;Followed
afBjorkesten;CamillaBerggre2;Yes;41;Followed
RiittaMonto;CamillaBerggre2;No;42;Followed
HolopainenMinna;CamillaBerggre2;Yes;43;Followed
CamillaBerggre2;afBjorkesten;Yes;44;Followed
CamillaBerggre2;HolopainenMinna;Yes;45;Followed
CamillaBerggre2;MikaPettersson;Yes;46;Followed
MikaPettersson;CamillaBerggre2;Yes;47;Followed
NadiaRebekka;heguli2;No;48;Followed
JennyJnnri;KaiusNiemi;No;49;Followed
JennyJnnri;RVenalainen;No;50;Followed
ErkkiSummanen;KeijoLehto;No;51;Followed
Twitelina;KeijoLehto;No;52;Followed
vpk63;KeijoLehto;Yes;53;Followed
HolopainenMinna;KeijoLehto;Yes;54;Followed
KeijoLehto;PekkaMervola;No;55;Followed
KeijoLehto;EYlajarvi;No;56;Followed
KeijoLehto;HolopainenMinna;Yes;57;Followed
KeijoLehto;MikaPettersson;No;58;Followed
KeijoLehto;vpk63;Yes;59;Followed
JussiPullinen;jarzuli;No;60;Followed
MVirtanen;jarzuli;No;61;Followed
JussiEronen;jarzuli;No;62;Followed
Hannele_V;jarzuli;No;63;Followed
karvonenko;jarzuli;No;64;Followed
KaiusNiemi;jarzuli;No;65;Followed
Ruokanen;jarzuli;No;66;Followed
HolopainenMinna;jarzuli;No;67;Followed
jaakkolyytinen;jarzuli;No;68;Followed
anteromukka;jarzuli;No;69;Followed
PerttuKauppinen;jarzuli;No;70;Followed
RVenalainen;jarzuli;No;71;Followed
minttumikkonen;jarzuli;No;72;Followed
markojunkkari;jarzuli;No;73;Followed
KaiusNiemi;LauriMalkavaara;No;74;Followed
jaakkolyytinen;LauriMalkavaara;No;75;Followed
anteromukka;LauriMalkavaara;No;76;Followed
LauriMalkavaara;markojunkkari;Yes;77;Followed
LauriMalkavaara;JussiPullinen;No;78;Followed
LauriMalkavaara;HeikkiRotko;No;79;Followed
markojunkkari;LauriMalkavaara;Yes;80;Followed
Twitelina;PasiKoivumaa;No;81;Followed
vpk63;PasiKoivumaa;No;82;Followed
PekkaMervola;PasiKoivumaa;Yes;83;Followed
HolopainenMinna;PasiKoivumaa;No;84;Followed
PasiKoivumaa;PekkaMervola;Yes;85;Followed
opbehm;PasiKoivumaa;No;86;Followed
markojunkkari;PasiKoivumaa;No;87;Followed
karvonenko;TimoHaapala;No;88;Followed
karvonenko;KaiusNiemi;Yes;89;Followed
karvonenko;merjaya;No;90;Followed
karvonenko;PerttuKauppinen;No;91;Followed
karvonenko;RiittaMonto;Yes;92;Followed
karvonenko;markojunkkari;Yes;93;Followed
karvonenko;HolopainenMinna;Yes;94;Followed
karvonenko;MikaPettersson;Yes;95;Followed
karvonenko;reijoruokanen;No;96;Followed
KaiusNiemi;karvonenko;Yes;97;Followed
RiittaMonto;karvonenko;Yes;98;Followed
HolopainenMinna;karvonenko;Yes;99;Followed
MikaPettersson;karvonenko;Yes;100;Followed
markojunkkari;karvonenko;Yes;101;Followed
TimoKamarainen;ErkkiSummanen;Yes;102;Followed
ErkkiSummanen;vpk63;Yes;103;Followed
ErkkiSummanen;PekkaMervola;Yes;104;Followed
ErkkiSummanen;EYlajarvi;Yes;105;Followed
ErkkiSummanen;JuutilainenKari;Yes;106;Followed
ErkkiSummanen;AppelsinUlla;No;107;Followed
ErkkiSummanen;PekkaSoini;No;108;Followed
ErkkiSummanen;EdithAndersson1;Yes;109;Followed
ErkkiSummanen;RiittaMonto;Yes;110;Followed
ErkkiSummanen;ktelanne;No;111;Followed
ErkkiSummanen;M_Pirttijoki;Yes;112;Followed
ErkkiSummanen;HolopainenMinna;No;113;Followed
ErkkiSummanen;Twitelina;Yes;114;Followed
ErkkiSummanen;TimoKamarainen;Yes;115;Followed
Twitelina;ErkkiSummanen;Yes;116;Followed
vpk63;ErkkiSummanen;Yes;117;Followed
PekkaMervola;ErkkiSummanen;Yes;118;Followed
RiittaMonto;ErkkiSummanen;Yes;119;Followed
EYlajarvi;ErkkiSummanen;Yes;120;Followed
M_Pirttijoki;ErkkiSummanen;Yes;121;Followed
EdithAndersson1;ErkkiSummanen;Yes;122;Followed
JuutilainenKari;ErkkiSummanen;Yes;123;Followed
Twitelina;TSViljanmaa;Yes;124;Followed
anttijkokkonen;TSViljanmaa;Yes;125;Followed
HolopainenMinna;TSViljanmaa;Yes;126;Followed
TSViljanmaa;markojunkkari;Yes;127;Followed
TSViljanmaa;AppelsinUlla;No;128;Followed
TSViljanmaa;TimoHaapala;Yes;129;Followed
TSViljanmaa;reijoruokanen;No;130;Followed
TSViljanmaa;RVenalainen;No;131;Followed
TSViljanmaa;arnoahosniemi;Yes;132;Followed
TSViljanmaa;KaiusNiemi;No;133;Followed
TSViljanmaa;EYlajarvi;Yes;134;Followed
TSViljanmaa;HolopainenMinna;Yes;135;Followed
TSViljanmaa;Twitelina;Yes;136;Followed
TSViljanmaa;MikaPettersson;Yes;137;Followed
TSViljanmaa;EdithAndersson1;No;138;Followed
TSViljanmaa;Ruokanen;No;139;Followed
TSViljanmaa;JuutilainenKari;Yes;140;Followed
TSViljanmaa;IlkkaAhtiainen;Yes;141;Followed
TSViljanmaa;NadiaRebekka;Yes;142;Followed
TSViljanmaa;anttijkokkonen;Yes;143;Followed
TSViljanmaa;PerttuKauppinen;Yes;144;Followed
TSViljanmaa;ErvastiPekka;No;145;Followed
TSViljanmaa;M_Pirttijoki;No;146;Followed
TSViljanmaa;opbehm;Yes;147;Followed
PerttuKauppinen;TSViljanmaa;Yes;148;Followed
arnoahosniemi;TSViljanmaa;Yes;149;Followed
EYlajarvi;TSViljanmaa;Yes;150;Followed
TimoHaapala;TSViljanmaa;Yes;151;Followed
MikaPettersson;TSViljanmaa;Yes;152;Followed
NadiaRebekka;TSViljanmaa;Yes;153;Followed
IlkkaAhtiainen;TSViljanmaa;Yes;154;Followed
opbehm;TSViljanmaa;Yes;155;Followed
markojunkkari;TSViljanmaa;Yes;156;Followed
JuutilainenKari;TSViljanmaa;Yes;157;Followed
RiittaMonto;NadiaRebekka;Yes;158;Followed
HolopainenMinna;NadiaRebekka;Yes;159;Followed
MikaPettersson;NadiaRebekka;Yes;160;Followed
NadiaRebekka;KaiusNiemi;No;161;Followed
NadiaRebekka;merjaya;No;162;Followed
NadiaRebekka;HolopainenMinna;Yes;163;Followed
NadiaRebekka;PekkaMervola;No;164;Followed
NadiaRebekka;RiittaMonto;Yes;165;Followed
NadiaRebekka;RVenalainen;No;166;Followed
NadiaRebekka;JuutilainenKari;Yes;167;Followed
NadiaRebekka;opbehm;No;168;Followed
NadiaRebekka;PaiviAnttikoski;No;169;Followed
NadiaRebekka;AppelsinUlla;No;170;Followed
NadiaRebekka;MikaPettersson;Yes;171;Followed
JuutilainenKari;NadiaRebekka;Yes;172;Followed
reijoruokanen;Aarne_Aktan;Yes;173;Followed
merjamahka;Aarne_Aktan;No;174;Followed
HolopainenMinna;Aarne_Aktan;No;175;Followed
ktelanne;Aarne_Aktan;No;176;Followed
Aarne_Aktan;merjaya;No;177;Followed
Aarne_Aktan;markojunkkari;Yes;178;Followed
Aarne_Aktan;arnoahosniemi;Yes;179;Followed
Aarne_Aktan;reijoruokanen;Yes;180;Followed
Aarne_Aktan;RVenalainen;Yes;181;Followed
arnoahosniemi;Aarne_Aktan;Yes;182;Followed
RVenalainen;Aarne_Aktan;Yes;183;Followed
markojunkkari;Aarne_Aktan;Yes;184;Followed
JuutilainenKari;Aarne_Aktan;No;185;Followed
VallinTapio;KaiusNiemi;No;186;Followed
VallinTapio;AppelsinUlla;No;187;Followed
VallinTapio;TimoHaapala;No;188;Followed
VallinTapio;Ruokanen;No;189;Followed
VallinTapio;arnoahosniemi;No;190;Followed
VallinTapio;JuutilainenKari;Yes;191;Followed
VallinTapio;ktelanne;No;192;Followed
JuutilainenKari;VallinTapio;Yes;193;Followed
JanneMa;JuutilainenKari;Yes;194;Followed
vpk63;JuutilainenKari;Yes;195;Followed
anttijkokkonen;JuutilainenKari;Yes;196;Followed
JussiEronen;JuutilainenKari;Yes;197;Followed
PekkaMervola;JuutilainenKari;Yes;198;Followed
RiittaMonto;JuutilainenKari;Yes;199;Followed
HolopainenMinna;JuutilainenKari;Yes;200;Followed
ktelanne;JuutilainenKari;Yes;201;Followed
TSadeoja;JuutilainenKari;Yes;202;Followed
arnoahosniemi;JuutilainenKari;Yes;203;Followed
EYlajarvi;JuutilainenKari;Yes;204;Followed
M_Pirttijoki;JuutilainenKari;Yes;205;Followed
TimoHaapala;JuutilainenKari;Yes;206;Followed
MikaPettersson;JuutilainenKari;Yes;207;Followed
JoukoJokinen;JuutilainenKari;Yes;208;Followed
EdithAndersson1;JuutilainenKari;Yes;209;Followed
tiinaoj;JuutilainenKari;Yes;210;Followed
opbehm;JuutilainenKari;Yes;211;Followed
JuutilainenKari;opbehm;Yes;212;Followed
JuutilainenKari;M_Pirttijoki;Yes;213;Followed
JuutilainenKari;arnoahosniemi;Yes;214;Followed
JuutilainenKari;HolopainenMinna;Yes;215;Followed
JuutilainenKari;JoukoJokinen;Yes;216;Followed
JuutilainenKari;attesakari;No;217;Followed
JuutilainenKari;anttijkokkonen;Yes;218;Followed
JuutilainenKari;vpk63;Yes;219;Followed
JuutilainenKari;MikaPettersson;Yes;220;Followed
JuutilainenKari;PekkaMervola;Yes;221;Followed
JuutilainenKari;merjaya;No;222;Followed
JuutilainenKari;reijoruokanen;No;223;Followed
JuutilainenKari;HeikkiRotko;No;224;Followed
JuutilainenKari;RiittaMonto;Yes;225;Followed
JuutilainenKari;EYlajarvi;Yes;226;Followed
JuutilainenKari;TSadeoja;Yes;227;Followed
JuutilainenKari;tiinaoj;Yes;228;Followed
JuutilainenKari;TimoHaapala;Yes;229;Followed
JuutilainenKari;PekkaSoini;No;230;Followed
JuutilainenKari;PaiviAnttikoski;No;231;Followed
JuutilainenKari;markkuhuusko;No;232;Followed
JuutilainenKari;ktelanne;Yes;233;Followed
JuutilainenKari;JanneMa;Yes;234;Followed
JuutilainenKari;KemppainenJouni;No;235;Followed
JuutilainenKari;KaiusNiemi;No;236;Followed
JuutilainenKari;AppelsinUlla;No;237;Followed
JuutilainenKari;JussiEronen;Yes;238;Followed
JuutilainenKari;Ruokanen;No;239;Followed
JuutilainenKari;EdithAndersson1;Yes;240;Followed
JuutilainenKari;sipilamtv3;No;241;Followed
tjrinne;iinartima;Yes;242;Followed
merjamahka;iinartima;Yes;243;Followed
ElinaSchuller;iinartima;No;244;Followed
KaiusNiemi;iinartima;No;245;Followed
HolopainenMinna;iinartima;No;246;Followed
Petri2020;iinartima;Yes;247;Followed
TSadeoja;iinartima;No;248;Followed
RVenalainen;iinartima;No;249;Followed
iinartima;JussiPullinen;No;250;Followed
iinartima;AppelsinUlla;Yes;251;Followed
iinartima;EYlajarvi;No;252;Followed
iinartima;Petri2020;Yes;253;Followed
iinartima;markojunkkari;No;254;Followed
iinartima;tjrinne;Yes;255;Followed
iinartima;merjamahka;Yes;256;Followed
AppelsinUlla;iinartima;Yes;257;Followed
tjrinne;JussiPullinen;No;258;Followed
tjrinne;reijoruokanen;No;259;Followed
tjrinne;KaiusNiemi;Yes;260;Followed
tjrinne;AppelsinUlla;Yes;261;Followed
tjrinne;attesakari;No;262;Followed
tjrinne;TSadeoja;Yes;263;Followed
tjrinne;opbehm;Yes;264;Followed
tjrinne;MikaPettersson;No;265;Followed
tjrinne;Petri2020;Yes;266;Followed
tjrinne;RVenalainen;No;267;Followed
tjrinne;PekkaMervola;No;268;Followed
tjrinne;merjaya;No;269;Followed
tjrinne;ElinaSchuller;Yes;270;Followed
tjrinne;PerttuKauppinen;Yes;271;Followed
tjrinne;PekkaSoini;No;272;Followed
tjrinne;Lauri_Kivinen;No;273;Followed
tjrinne;TimoPaunonen;Yes;274;Followed
ElinaSchuller;tjrinne;Yes;275;Followed
KaiusNiemi;tjrinne;Yes;276;Followed
Petri2020;tjrinne;Yes;277;Followed
PerttuKauppinen;tjrinne;Yes;278;Followed
TSadeoja;tjrinne;Yes;279;Followed
TimoPaunonen;tjrinne;Yes;280;Followed
opbehm;tjrinne;Yes;281;Followed
AppelsinUlla;tjrinne;Yes;282;Followed
merjamahka;TimoPaunonen;Yes;283;Followed
ElinaSchuller;TimoPaunonen;Yes;284;Followed
KaiusNiemi;TimoPaunonen;Yes;285;Followed
Petri2020;TimoPaunonen;Yes;286;Followed
TSadeoja;TimoPaunonen;Yes;287;Followed
TimoPaunonen;KaiusNiemi;Yes;288;Followed
TimoPaunonen;TimoHaapala;Yes;289;Followed
TimoPaunonen;merjaya;No;290;Followed
TimoPaunonen;reijoruokanen;No;291;Followed
TimoPaunonen;TSadeoja;Yes;292;Followed
TimoPaunonen;AppelsinUlla;Yes;293;Followed
TimoPaunonen;Petri2020;Yes;294;Followed
TimoPaunonen;markojunkkari;Yes;295;Followed
TimoPaunonen;RVenalainen;No;296;Followed
TimoPaunonen;anteromukka;No;297;Followed
TimoPaunonen;merjamahka;Yes;298;Followed
TimoPaunonen;ElinaSchuller;Yes;299;Followed
TimoPaunonen;EYlajarvi;Yes;300;Followed
TimoPaunonen;attesakari;No;301;Followed
TimoPaunonen;MikaPettersson;Yes;302;Followed
TimoPaunonen;KemppainenJouni;No;303;Followed
TimoPaunonen;IlkkaAhtiainen;Yes;304;Followed
TimoPaunonen;ErvastiPekka;No;305;Followed
TimoPaunonen;Ruokanen;No;306;Followed
TimoPaunonen;JussiEronen;No;307;Followed
EYlajarvi;TimoPaunonen;Yes;308;Followed
TimoHaapala;TimoPaunonen;Yes;309;Followed
MikaPettersson;TimoPaunonen;Yes;310;Followed
minttumikkonen;TimoPaunonen;No;311;Followed
IlkkaAhtiainen;TimoPaunonen;Yes;312;Followed
markojunkkari;TimoPaunonen;Yes;313;Followed
AppelsinUlla;TimoPaunonen;Yes;314;Followed
anttijkokkonen;JoukoJokinen;Yes;315;Followed
merjaya;JoukoJokinen;Yes;316;Followed
HolopainenMinna;JoukoJokinen;Yes;317;Followed
RVenalainen;JoukoJokinen;Yes;318;Followed
EYlajarvi;JoukoJokinen;Yes;319;Followed
M_Pirttijoki;JoukoJokinen;No;320;Followed
MikaPettersson;JoukoJokinen;Yes;321;Followed
minttumikkonen;JoukoJokinen;No;322;Followed
JoukoJokinen;anteromukka;No;323;Followed
JoukoJokinen;MikaPettersson;Yes;324;Followed
JoukoJokinen;KaiusNiemi;No;325;Followed
JoukoJokinen;RVenalainen;Yes;326;Followed
JoukoJokinen;AppelsinUlla;Yes;327;Followed
JoukoJokinen;merjaya;Yes;328;Followed
JoukoJokinen;EYlajarvi;Yes;329;Followed
JoukoJokinen;TimoHaapala;No;330;Followed
JoukoJokinen;attesakari;No;331;Followed
JoukoJokinen;HolopainenMinna;Yes;332;Followed
JoukoJokinen;markojunkkari;Yes;333;Followed
JoukoJokinen;anttijkokkonen;Yes;334;Followed
opbehm;JoukoJokinen;No;335;Followed
markojunkkari;JoukoJokinen;Yes;336;Followed
AppelsinUlla;JoukoJokinen;Yes;337;Followed
MiraMkel2;JussiPullinen;No;338;Followed
MiraMkel2;minttumikkonen;No;339;Followed
JussiPullinen;EevaSederholm;Yes;340;Followed
Twitelina;EevaSederholm;Yes;341;Followed
anteromukka;EevaSederholm;Yes;342;Followed
RVenalainen;EevaSederholm;Yes;343;Followed
EYlajarvi;EevaSederholm;Yes;344;Followed
EevaSederholm;attesakari;No;345;Followed
EevaSederholm;PerttuKauppinen;No;346;Followed
EevaSederholm;RVenalainen;Yes;347;Followed
EevaSederholm;minttumikkonen;Yes;348;Followed
EevaSederholm;LakkaPekka;Yes;349;Followed
EevaSederholm;EYlajarvi;Yes;350;Followed
EevaSederholm;AppelsinUlla;No;351;Followed
EevaSederholm;JussiPullinen;Yes;352;Followed
EevaSederholm;Twitelina;Yes;353;Followed
EevaSederholm;HolopainenMinna;No;354;Followed
EevaSederholm;anteromukka;Yes;355;Followed
EevaSederholm;KaiusNiemi;No;356;Followed
EevaSederholm;merjaya;No;357;Followed
EevaSederholm;reijoruokanen;No;358;Followed
EevaSederholm;MikaPettersson;No;359;Followed
EevaSederholm;markojunkkari;No;360;Followed
minttumikkonen;EevaSederholm;Yes;361;Followed
LakkaPekka;EevaSederholm;Yes;362;Followed
JussiPullinen;Twitelina;Yes;363;Followed
TimoKamarainen;Twitelina;Yes;364;Followed
Twitelina;HolopainenMinna;Yes;365;Followed
Twitelina;MikaPettersson;Yes;366;Followed
Twitelina;EYlajarvi;Yes;367;Followed
Twitelina;AppelsinUlla;Yes;368;Followed
Twitelina;PekkaMervola;No;369;Followed
Twitelina;LakkaPekka;Yes;370;Followed
Twitelina;JussiEronen;Yes;371;Followed
Twitelina;reijoruokanen;No;372;Followed
Twitelina;RiittaMonto;Yes;373;Followed
Twitelina;RVenalainen;No;374;Followed
Twitelina;PerttuKauppinen;Yes;375;Followed
Twitelina;attesakari;No;376;Followed
Twitelina;JussiPullinen;Yes;377;Followed
Twitelina;Petri2020;Yes;378;Followed
Twitelina;M_Pirttijoki;No;379;Followed
Twitelina;anteromukka;Yes;380;Followed
Twitelina;KemppainenJouni;No;381;Followed
Twitelina;KaiusNiemi;No;382;Followed
Twitelina;merjaya;No;383;Followed
Twitelina;markojunkkari;No;384;Followed
Twitelina;TimoHaapala;No;385;Followed
Twitelina;tiinaoj;No;386;Followed
Twitelina;TimoKamarainen;Yes;387;Followed
Twitelina;arnoahosniemi;No;388;Followed
Twitelina;kuistiala;No;389;Followed
JussiEronen;Twitelina;Yes;390;Followed
RiittaMonto;Twitelina;Yes;391;Followed
HolopainenMinna;Twitelina;Yes;392;Followed
anteromukka;Twitelina;Yes;393;Followed
Petri2020;Twitelina;Yes;394;Followed
PerttuKauppinen;Twitelina;Yes;395;Followed
EYlajarvi;Twitelina;Yes;396;Followed
MikaPettersson;Twitelina;Yes;397;Followed
AppelsinUlla;Twitelina;Yes;398;Followed
LakkaPekka;Twitelina;Yes;399;Followed
vpk63;LakkaPekka;Yes;400;Followed
HolopainenMinna;LakkaPekka;Yes;401;Followed
Petri2020;LakkaPekka;No;402;Followed
PerttuKauppinen;LakkaPekka;No;403;Followed
EYlajarvi;LakkaPekka;Yes;404;Followed
markojunkkari;LakkaPekka;Yes;405;Followed
AppelsinUlla;LakkaPekka;Yes;406;Followed
LakkaPekka;EYlajarvi;Yes;407;Followed
LakkaPekka;markojunkkari;Yes;408;Followed
LakkaPekka;RVenalainen;No;409;Followed
LakkaPekka;AppelsinUlla;Yes;410;Followed
LakkaPekka;HolopainenMinna;Yes;411;Followed
LakkaPekka;PekkaMervola;No;412;Followed
LakkaPekka;tiinaoj;No;413;Followed
LakkaPekka;vpk63;Yes;414;Followed
TimoKamarainen;markkuhuusko;No;415;Followed
JanneMa;markkuhuusko;No;416;Followed
anttijkokkonen;markkuhuusko;No;417;Followed
ElinaSchuller;markkuhuusko;No;418;Followed
JussiEronen;markkuhuusko;Yes;419;Followed
jukka_niva;markkuhuusko;No;420;Followed
merjaya;markkuhuusko;Yes;421;Followed
KaiusNiemi;markkuhuusko;Yes;422;Followed
HolopainenMinna;markkuhuusko;Yes;423;Followed
ktelanne;markkuhuusko;No;424;Followed
Petri2020;markkuhuusko;No;425;Followed
PerttuKauppinen;markkuhuusko;No;426;Followed
arnoahosniemi;markkuhuusko;Yes;427;Followed
markkuhuusko;kuistiala;No;428;Followed
markkuhuusko;merjaya;Yes;429;Followed
markkuhuusko;KaiusNiemi;Yes;430;Followed
markkuhuusko;JussiEronen;Yes;431;Followed
markkuhuusko;attesakari;No;432;Followed
markkuhuusko;HolopainenMinna;Yes;433;Followed
markkuhuusko;markojunkkari;Yes;434;Followed
markkuhuusko;arnoahosniemi;Yes;435;Followed
markkuhuusko;HeikkiRotko;No;436;Followed
markkuhuusko;RVenalainen;Yes;437;Followed
RVenalainen;markkuhuusko;Yes;438;Followed
jrista;markkuhuusko;No;439;Followed
EYlajarvi;markkuhuusko;No;440;Followed
M_Pirttijoki;markkuhuusko;No;441;Followed
minttumikkonen;markkuhuusko;No;442;Followed
markojunkkari;markkuhuusko;Yes;443;Followed
jyrkihuotari;markkuhuusko;No;444;Followed
JussiPullinen;PekkaMervola;No;445;Followed
JanneMa;PekkaMervola;No;446;Followed
attesakari;PekkaMervola;Yes;447;Followed
vpk63;PekkaMervola;Yes;448;Followed
reijoruokanen;PekkaMervola;Yes;449;Followed
anttijkokkonen;PekkaMervola;Yes;450;Followed
ElinaSchuller;PekkaMervola;No;451;Followed
jukka_niva;PekkaMervola;No;452;Followed
afBjorkesten;PekkaMervola;No;453;Followed
Hannele_V;PekkaMervola;No;454;Followed
merjaya;PekkaMervola;Yes;455;Followed
KaiusNiemi;PekkaMervola;Yes;456;Followed
PekkaMervola;attesakari;Yes;457;Followed
PekkaMervola;KaiusNiemi;Yes;458;Followed
PekkaMervola;vpk63;Yes;459;Followed
PekkaMervola;merjaya;Yes;460;Followed
PekkaMervola;anttijkokkonen;Yes;461;Followed
PekkaMervola;HolopainenMinna;Yes;462;Followed
PekkaMervola;kuistiala;No;463;Followed
PekkaMervola;MikaPettersson;Yes;464;Followed
PekkaMervola;Ruokanen;Yes;465;Followed
PekkaMervola;PekkaSoini;No;466;Followed
PekkaMervola;anteromukka;Yes;467;Followed
PekkaMervola;PerttuKauppinen;Yes;468;Followed
PekkaMervola;RVenalainen;Yes;469;Followed
PekkaMervola;reijoruokanen;Yes;470;Followed
PekkaMervola;TSadeoja;Yes;471;Followed
PekkaMervola;markojunkkari;Yes;472;Followed
PekkaMervola;ktelanne;Yes;473;Followed
RiittaMonto;PekkaMervola;No;474;Followed
Ruokanen;PekkaMervola;Yes;475;Followed
HolopainenMinna;PekkaMervola;Yes;476;Followed
ktelanne;PekkaMervola;Yes;477;Followed
anteromukka;PekkaMervola;Yes;478;Followed
Petri2020;PekkaMervola;No;479;Followed
PerttuKauppinen;PekkaMervola;Yes;480;Followed
TSadeoja;PekkaMervola;Yes;481;Followed
arnoahosniemi;PekkaMervola;No;482;Followed
RVenalainen;PekkaMervola;Yes;483;Followed
jrista;PekkaMervola;No;484;Followed
EYlajarvi;PekkaMervola;No;485;Followed
M_Pirttijoki;PekkaMervola;No;486;Followed
MikaPettersson;PekkaMervola;Yes;487;Followed
minttumikkonen;PekkaMervola;No;488;Followed
tiinaoj;PekkaMervola;No;489;Followed
opbehm;PekkaMervola;No;490;Followed
markojunkkari;PekkaMervola;Yes;491;Followed
AppelsinUlla;PekkaMervola;No;492;Followed
jyrkihuotari;PekkaMervola;No;493;Followed
JussiPullinen;jaakkolyytinen;Yes;494;Followed
MVirtanen;jaakkolyytinen;Yes;495;Followed
merjamahka;jaakkolyytinen;No;496;Followed
anttijkokkonen;jaakkolyytinen;No;497;Followed
ElinaSchuller;jaakkolyytinen;Yes;498;Followed
JussiEronen;jaakkolyytinen;Yes;499;Followed
jukka_niva;jaakkolyytinen;Yes;500;Followed
merjaya;jaakkolyytinen;Yes;501;Followed
KaiusNiemi;jaakkolyytinen;Yes;502;Followed
Ruokanen;jaakkolyytinen;No;503;Followed
HolopainenMinna;jaakkolyytinen;Yes;504;Followed
jaakkolyytinen;PerttuKauppinen;Yes;505;Followed
jaakkolyytinen;KaiusNiemi;Yes;506;Followed
jaakkolyytinen;minttumikkonen;Yes;507;Followed
jaakkolyytinen;HolopainenMinna;Yes;508;Followed
jaakkolyytinen;JussiEronen;Yes;509;Followed
jaakkolyytinen;markojunkkari;Yes;510;Followed
jaakkolyytinen;JussiPullinen;Yes;511;Followed
jaakkolyytinen;TimoHaapala;No;512;Followed
jaakkolyytinen;AppelsinUlla;No;513;Followed
jaakkolyytinen;reijoruokanen;No;514;Followed
jaakkolyytinen;anteromukka;Yes;515;Followed
jaakkolyytinen;RVenalainen;Yes;516;Followed
jaakkolyytinen;merjaya;Yes;517;Followed
jaakkolyytinen;jukka_niva;Yes;518;Followed
jaakkolyytinen;EYlajarvi;Yes;519;Followed
jaakkolyytinen;arnoahosniemi;Yes;520;Followed
jaakkolyytinen;ElinaSchuller;Yes;521;Followed
jaakkolyytinen;MVirtanen;Yes;522;Followed
jaakkolyytinen;Petri2020;Yes;523;Followed
anteromukka;jaakkolyytinen;Yes;524;Followed
Petri2020;jaakkolyytinen;Yes;525;Followed
PerttuKauppinen;jaakkolyytinen;Yes;526;Followed
arnoahosniemi;jaakkolyytinen;Yes;527;Followed
RVenalainen;jaakkolyytinen;Yes;528;Followed
heikki_hakala;jaakkolyytinen;No;529;Followed
EYlajarvi;jaakkolyytinen;Yes;530;Followed
M_Pirttijoki;jaakkolyytinen;No;531;Followed
minttumikkonen;jaakkolyytinen;Yes;532;Followed
IlkkaAhtiainen;jaakkolyytinen;No;533;Followed
markojunkkari;jaakkolyytinen;Yes;534;Followed
jyrkihuotari;jaakkolyytinen;No;535;Followed
kuistiala;sipilamtv3;Yes;536;Followed
JussiPullinen;sipilamtv3;No;537;Followed
HeikkiRotko;sipilamtv3;No;538;Followed
merjamahka;sipilamtv3;No;539;Followed
ElinaSchuller;sipilamtv3;No;540;Followed
JussiEronen;sipilamtv3;No;541;Followed
merjaya;sipilamtv3;Yes;542;Followed
HolopainenMinna;sipilamtv3;Yes;543;Followed
Petri2020;sipilamtv3;No;544;Followed
jrista;sipilamtv3;No;545;Followed
EYlajarvi;sipilamtv3;No;546;Followed
MarjaKirsi;sipilamtv3;No;547;Followed
M_Pirttijoki;sipilamtv3;No;548;Followed
sipilamtv3;kuistiala;Yes;549;Followed
sipilamtv3;merjaya;Yes;550;Followed
sipilamtv3;TimoHaapala;Yes;551;Followed
sipilamtv3;markojunkkari;Yes;552;Followed
sipilamtv3;HolopainenMinna;Yes;553;Followed
sipilamtv3;AppelsinUlla;Yes;554;Followed
TimoHaapala;sipilamtv3;Yes;555;Followed
minttumikkonen;sipilamtv3;No;556;Followed
IlkkaAhtiainen;sipilamtv3;No;557;Followed
markojunkkari;sipilamtv3;Yes;558;Followed
AppelsinUlla;sipilamtv3;Yes;559;Followed
jyrkihuotari;sipilamtv3;No;560;Followed
PaiviAnttikoski;sipilamtv3;No;561;Followed
JussiPullinen;minttumikkonen;Yes;562;Followed
vpk63;minttumikkonen;No;563;Followed
merjamahka;minttumikkonen;Yes;564;Followed
JussiEronen;minttumikkonen;Yes;565;Followed
jukka_niva;minttumikkonen;Yes;566;Followed
merjaya;minttumikkonen;Yes;567;Followed
KaiusNiemi;minttumikkonen;Yes;568;Followed
RiittaMonto;minttumikkonen;Yes;569;Followed
HolopainenMinna;minttumikkonen;Yes;570;Followed
anteromukka;minttumikkonen;Yes;571;Followed
Petri2020;minttumikkonen;Yes;572;Followed
PerttuKauppinen;minttumikkonen;Yes;573;Followed
arnoahosniemi;minttumikkonen;Yes;574;Followed
RVenalainen;minttumikkonen;Yes;575;Followed
EYlajarvi;minttumikkonen;Yes;576;Followed
minttumikkonen;JussiPullinen;Yes;577;Followed
minttumikkonen;merjaya;Yes;578;Followed
minttumikkonen;PerttuKauppinen;Yes;579;Followed
minttumikkonen;kuistiala;No;580;Followed
minttumikkonen;HolopainenMinna;Yes;581;Followed
minttumikkonen;JussiEronen;Yes;582;Followed
minttumikkonen;KaiusNiemi;Yes;583;Followed
minttumikkonen;EYlajarvi;Yes;584;Followed
minttumikkonen;arnoahosniemi;Yes;585;Followed
minttumikkonen;attesakari;No;586;Followed
minttumikkonen;markojunkkari;Yes;587;Followed
minttumikkonen;anteromukka;Yes;588;Followed
minttumikkonen;TimoHaapala;No;589;Followed
minttumikkonen;RiittaMonto;Yes;590;Followed
minttumikkonen;M_Pirttijoki;No;591;Followed
minttumikkonen;Petri2020;Yes;592;Followed
minttumikkonen;PaiviAnttikoski;Yes;593;Followed
minttumikkonen;RVenalainen;Yes;594;Followed
minttumikkonen;jukka_niva;Yes;595;Followed
minttumikkonen;merjamahka;Yes;596;Followed
markojunkkari;minttumikkonen;Yes;597;Followed
PaiviAnttikoski;minttumikkonen;Yes;598;Followed
jukka_niva;RiittaMonto;Yes;599;Followed
afBjorkesten;RiittaMonto;Yes;600;Followed
merjaya;RiittaMonto;Yes;601;Followed
KaiusNiemi;RiittaMonto;Yes;602;Followed
RiittaMonto;kuistiala;No;603;Followed
RiittaMonto;afBjorkesten;Yes;604;Followed
RiittaMonto;EYlajarvi;Yes;605;Followed
RiittaMonto;HolopainenMinna;Yes;606;Followed
RiittaMonto;KaiusNiemi;Yes;607;Followed
RiittaMonto;merjaya;Yes;608;Followed
RiittaMonto;AppelsinUlla;Yes;609;Followed
RiittaMonto;MikaPettersson;Yes;610;Followed
RiittaMonto;arnoahosniemi;Yes;611;Followed
RiittaMonto;attesakari;No;612;Followed
RiittaMonto;Petri2020;Yes;613;Followed
RiittaMonto;markojunkkari;Yes;614;Followed
RiittaMonto;RVenalainen;Yes;615;Followed
RiittaMonto;M_Pirttijoki;Yes;616;Followed
RiittaMonto;PaiviAnttikoski;Yes;617;Followed
RiittaMonto;tiinaoj;Yes;618;Followed
RiittaMonto;jukka_niva;Yes;619;Followed
RiittaMonto;JussiEronen;No;620;Followed
RiittaMonto;PerttuKauppinen;Yes;621;Followed
RiittaMonto;PekkaSoini;No;622;Followed
HolopainenMinna;RiittaMonto;Yes;623;Followed
Petri2020;RiittaMonto;Yes;624;Followed
PerttuKauppinen;RiittaMonto;Yes;625;Followed
arnoahosniemi;RiittaMonto;Yes;626;Followed
RVenalainen;RiittaMonto;Yes;627;Followed
heikki_hakala;RiittaMonto;No;628;Followed
EYlajarvi;RiittaMonto;Yes;629;Followed
M_Pirttijoki;RiittaMonto;Yes;630;Followed
MikaPettersson;RiittaMonto;Yes;631;Followed
tiinaoj;RiittaMonto;Yes;632;Followed
markojunkkari;RiittaMonto;Yes;633;Followed
AppelsinUlla;RiittaMonto;Yes;634;Followed
PaiviAnttikoski;RiittaMonto;Yes;635;Followed
kuistiala;IlkkaAhtiainen;Yes;636;Followed
HeikkiRotko;IlkkaAhtiainen;Yes;637;Followed
attesakari;IlkkaAhtiainen;Yes;638;Followed
anttijkokkonen;IlkkaAhtiainen;Yes;639;Followed
ElinaSchuller;IlkkaAhtiainen;Yes;640;Followed
JussiEronen;IlkkaAhtiainen;Yes;641;Followed
jukka_niva;IlkkaAhtiainen;Yes;642;Followed
merjaya;IlkkaAhtiainen;Yes;643;Followed
HolopainenMinna;IlkkaAhtiainen;Yes;644;Followed
anteromukka;IlkkaAhtiainen;Yes;645;Followed
PerttuKauppinen;IlkkaAhtiainen;Yes;646;Followed
RVenalainen;IlkkaAhtiainen;Yes;647;Followed
EYlajarvi;IlkkaAhtiainen;Yes;648;Followed
M_Pirttijoki;IlkkaAhtiainen;Yes;649;Followed
TimoHaapala;IlkkaAhtiainen;Yes;650;Followed
MikaPettersson;IlkkaAhtiainen;Yes;651;Followed
IlkkaAhtiainen;M_Pirttijoki;Yes;652;Followed
IlkkaAhtiainen;jyrkihuotari;Yes;653;Followed
IlkkaAhtiainen;TimoHaapala;Yes;654;Followed
IlkkaAhtiainen;markojunkkari;Yes;655;Followed
IlkkaAhtiainen;merjaya;Yes;656;Followed
IlkkaAhtiainen;reijoruokanen;No;657;Followed
IlkkaAhtiainen;AppelsinUlla;No;658;Followed
IlkkaAhtiainen;JussiEronen;Yes;659;Followed
IlkkaAhtiainen;kuistiala;Yes;660;Followed
IlkkaAhtiainen;PaiviAnttikoski;Yes;661;Followed
IlkkaAhtiainen;MarjaKirsi;No;662;Followed
IlkkaAhtiainen;MikaPettersson;Yes;663;Followed
IlkkaAhtiainen;HeikkiRotko;Yes;664;Followed
IlkkaAhtiainen;EYlajarvi;Yes;665;Followed
IlkkaAhtiainen;anteromukka;Yes;666;Followed
IlkkaAhtiainen;RVenalainen;Yes;667;Followed
IlkkaAhtiainen;HolopainenMinna;Yes;668;Followed
IlkkaAhtiainen;KaiusNiemi;No;669;Followed
IlkkaAhtiainen;arnoahosniemi;No;670;Followed
IlkkaAhtiainen;attesakari;Yes;671;Followed
IlkkaAhtiainen;PerttuKauppinen;Yes;672;Followed
IlkkaAhtiainen;JussiPullinen;No;673;Followed
IlkkaAhtiainen;jukka_niva;Yes;674;Followed
IlkkaAhtiainen;TSadeoja;No;675;Followed
IlkkaAhtiainen;KemppainenJouni;No;676;Followed
IlkkaAhtiainen;anttijkokkonen;Yes;677;Followed
IlkkaAhtiainen;ElinaSchuller;Yes;678;Followed
IlkkaAhtiainen;Ruokanen;No;679;Followed
IlkkaAhtiainen;Lauri_Kivinen;No;680;Followed
markojunkkari;IlkkaAhtiainen;Yes;681;Followed
jyrkihuotari;IlkkaAhtiainen;Yes;682;Followed
PaiviAnttikoski;IlkkaAhtiainen;Yes;683;Followed
kuistiala;TomiEinonen;Yes;684;Followed
merjaya;TomiEinonen;Yes;685;Followed
jrista;TomiEinonen;No;686;Followed
MarjaKirsi;TomiEinonen;Yes;687;Followed
TomiEinonen;TimoHaapala;No;688;Followed
TomiEinonen;merjaya;Yes;689;Followed
TomiEinonen;ErvastiPekka;No;690;Followed
TomiEinonen;PaiviAnttikoski;Yes;691;Followed
TomiEinonen;kuistiala;Yes;692;Followed
TomiEinonen;MarjaKirsi;Yes;693;Followed
TomiEinonen;jyrkihuotari;Yes;694;Followed
TomiEinonen;HolopainenMinna;No;695;Followed
jyrkihuotari;TomiEinonen;Yes;696;Followed
PaiviAnttikoski;TomiEinonen;Yes;697;Followed
afBjorkesten;tiinaoj;Yes;698;Followed
HolopainenMinna;tiinaoj;Yes;699;Followed
RVenalainen;tiinaoj;Yes;700;Followed
EYlajarvi;tiinaoj;Yes;701;Followed
MikaPettersson;tiinaoj;Yes;702;Followed
tiinaoj;HolopainenMinna;Yes;703;Followed
tiinaoj;EYlajarvi;Yes;704;Followed
tiinaoj;RVenalainen;Yes;705;Followed
tiinaoj;merjaya;No;706;Followed
tiinaoj;afBjorkesten;Yes;707;Followed
tiinaoj;PaiviAnttikoski;Yes;708;Followed
tiinaoj;kuistiala;No;709;Followed
tiinaoj;TSadeoja;No;710;Followed
tiinaoj;opbehm;No;711;Followed
tiinaoj;MikaPettersson;Yes;712;Followed
tiinaoj;TimoHaapala;No;713;Followed
tiinaoj;reijoruokanen;No;714;Followed
tiinaoj;attesakari;No;715;Followed
tiinaoj;AppelsinUlla;Yes;716;Followed
tiinaoj;KaiusNiemi;No;717;Followed
tiinaoj;ktelanne;No;718;Followed
AppelsinUlla;tiinaoj;Yes;719;Followed
PaiviAnttikoski;tiinaoj;Yes;720;Followed
kuistiala;EdithAndersson1;Yes;721;Followed
JussiPullinen;EdithAndersson1;Yes;722;Followed
ElinaSchuller;EdithAndersson1;Yes;723;Followed
JussiEronen;EdithAndersson1;Yes;724;Followed
PerttuKauppinen;EdithAndersson1;Yes;725;Followed
jrista;EdithAndersson1;Yes;726;Followed
EYlajarvi;EdithAndersson1;Yes;727;Followed
EdithAndersson1;JussiPullinen;Yes;728;Followed
EdithAndersson1;AppelsinUlla;Yes;729;Followed
EdithAndersson1;PerttuKauppinen;Yes;730;Followed
EdithAndersson1;KaiusNiemi;No;731;Followed
EdithAndersson1;HolopainenMinna;No;732;Followed
EdithAndersson1;merjaya;No;733;Followed
EdithAndersson1;markojunkkari;No;734;Followed
EdithAndersson1;ElinaSchuller;Yes;735;Followed
EdithAndersson1;erkkimer;Yes;736;Followed
EdithAndersson1;EYlajarvi;Yes;737;Followed
EdithAndersson1;JussiEronen;Yes;738;Followed
EdithAndersson1;kuistiala;Yes;739;Followed
EdithAndersson1;jrista;Yes;740;Followed
EdithAndersson1;Petri2020;No;741;Followed
AppelsinUlla;EdithAndersson1;Yes;742;Followed
erkkimer;EdithAndersson1;Yes;743;Followed
HeikkiRotko;ElinaSchuller;Yes;744;Followed
merjamahka;ElinaSchuller;Yes;745;Followed
ElinaSchuller;reijoruokanen;No;746;Followed
ElinaSchuller;jyrkihuotari;Yes;747;Followed
ElinaSchuller;PaiviAnttikoski;Yes;748;Followed
ElinaSchuller;HolopainenMinna;No;749;Followed
ElinaSchuller;AppelsinUlla;Yes;750;Followed
ElinaSchuller;RVenalainen;No;751;Followed
ElinaSchuller;KaiusNiemi;Yes;752;Followed
ElinaSchuller;arnoahosniemi;No;753;Followed
ElinaSchuller;HeikkiRotko;Yes;754;Followed
ElinaSchuller;merjaya;No;755;Followed
ElinaSchuller;markojunkkari;No;756;Followed
ElinaSchuller;TimoHaapala;No;757;Followed
ElinaSchuller;TSadeoja;Yes;758;Followed
ElinaSchuller;JussiEronen;Yes;759;Followed
ElinaSchuller;anteromukka;No;760;Followed
ElinaSchuller;M_Pirttijoki;No;761;Followed
ElinaSchuller;Petri2020;Yes;762;Followed
ElinaSchuller;kuistiala;No;763;Followed
ElinaSchuller;erkkimer;Yes;764;Followed
ElinaSchuller;PekkaSoini;No;765;Followed
ElinaSchuller;KemppainenJouni;No;766;Followed
ElinaSchuller;MikaPettersson;Yes;767;Followed
ElinaSchuller;merjamahka;Yes;768;Followed
ElinaSchuller;attesakari;No;769;Followed
ElinaSchuller;opbehm;No;770;Followed
ElinaSchuller;ktelanne;Yes;771;Followed
ElinaSchuller;EYlajarvi;No;772;Followed
ElinaSchuller;Ruokanen;Yes;773;Followed
ElinaSchuller;jrista;Yes;774;Followed
ElinaSchuller;PerttuKauppinen;No;775;Followed
ElinaSchuller;Lauri_Kivinen;No;776;Followed
ElinaSchuller;ErvastiPekka;No;777;Followed
JussiEronen;ElinaSchuller;Yes;778;Followed
KaiusNiemi;ElinaSchuller;Yes;779;Followed
Ruokanen;ElinaSchuller;Yes;780;Followed
ktelanne;ElinaSchuller;Yes;781;Followed
Petri2020;ElinaSchuller;Yes;782;Followed
TSadeoja;ElinaSchuller;Yes;783;Followed
jrista;ElinaSchuller;Yes;784;Followed
MikaPettersson;ElinaSchuller;Yes;785;Followed
AppelsinUlla;ElinaSchuller;Yes;786;Followed
jyrkihuotari;ElinaSchuller;Yes;787;Followed
PaiviAnttikoski;ElinaSchuller;Yes;788;Followed
erkkimer;ElinaSchuller;Yes;789;Followed
kuistiala;jyrkihuotari;Yes;790;Followed
TimoKamarainen;jyrkihuotari;Yes;791;Followed
HeikkiRotko;jyrkihuotari;Yes;792;Followed
JussiEronen;jyrkihuotari;Yes;793;Followed
merjaya;jyrkihuotari;Yes;794;Followed
EYlajarvi;jyrkihuotari;Yes;795;Followed
MarjaKirsi;jyrkihuotari;Yes;796;Followed
M_Pirttijoki;jyrkihuotari;Yes;797;Followed
TimoHaapala;jyrkihuotari;Yes;798;Followed
MikaPettersson;jyrkihuotari;Yes;799;Followed
jyrkihuotari;kuistiala;Yes;800;Followed
jyrkihuotari;TimoHaapala;Yes;801;Followed
jyrkihuotari;M_Pirttijoki;Yes;802;Followed
jyrkihuotari;merjaya;Yes;803;Followed
jyrkihuotari;JussiEronen;Yes;804;Followed
jyrkihuotari;HeikkiRotko;Yes;805;Followed
jyrkihuotari;markojunkkari;No;806;Followed
jyrkihuotari;MikaPettersson;Yes;807;Followed
jyrkihuotari;MarjaKirsi;Yes;808;Followed
jyrkihuotari;arnoahosniemi;No;809;Followed
jyrkihuotari;KaiusNiemi;No;810;Followed
jyrkihuotari;reijoruokanen;No;811;Followed
jyrkihuotari;HolopainenMinna;No;812;Followed
jyrkihuotari;AppelsinUlla;No;813;Followed
jyrkihuotari;attesakari;No;814;Followed
jyrkihuotari;PaiviAnttikoski;Yes;815;Followed
jyrkihuotari;TSadeoja;No;816;Followed
jyrkihuotari;EYlajarvi;Yes;817;Followed
jyrkihuotari;RVenalainen;No;818;Followed
jyrkihuotari;anteromukka;No;819;Followed
jyrkihuotari;PerttuKauppinen;No;820;Followed
jyrkihuotari;TimoKamarainen;Yes;821;Followed
jyrkihuotari;erkkimer;Yes;822;Followed
PaiviAnttikoski;jyrkihuotari;Yes;823;Followed
erkkimer;jyrkihuotari;Yes;824;Followed
kuistiala;JussiEronen;Yes;825;Followed
JussiPullinen;JussiEronen;Yes;826;Followed
TimoKamarainen;JussiEronen;Yes;827;Followed
MVirtanen;JussiEronen;Yes;828;Followed
HeikkiRotko;JussiEronen;Yes;829;Followed
JanneMa;JussiEronen;Yes;830;Followed
attesakari;JussiEronen;Yes;831;Followed
JussiEronen;kuistiala;Yes;832;Followed
JussiEronen;reijoruokanen;No;833;Followed
JussiEronen;KaiusNiemi;Yes;834;Followed
JussiEronen;attesakari;Yes;835;Followed
JussiEronen;M_Pirttijoki;Yes;836;Followed
JussiEronen;merjaya;Yes;837;Followed
JussiEronen;Hannele_V;Yes;838;Followed
JussiEronen;MVirtanen;Yes;839;Followed
JussiEronen;HeikkiRotko;Yes;840;Followed
JussiEronen;anteromukka;Yes;841;Followed
JussiEronen;HolopainenMinna;Yes;842;Followed
JussiEronen;AppelsinUlla;Yes;843;Followed
JussiEronen;opbehm;Yes;844;Followed
JussiEronen;EYlajarvi;Yes;845;Followed
JussiEronen;Petri2020;Yes;846;Followed
JussiEronen;TimoKamarainen;Yes;847;Followed
JussiEronen;markojunkkari;Yes;848;Followed
JussiEronen;JussiPullinen;Yes;849;Followed
JussiEronen;arnoahosniemi;No;850;Followed
JussiEronen;PaiviAnttikoski;Yes;851;Followed
JussiEronen;RVenalainen;Yes;852;Followed
JussiEronen;TSadeoja;No;853;Followed
JussiEronen;MikaPettersson;Yes;854;Followed
JussiEronen;MarjaKirsi;Yes;855;Followed
JussiEronen;jukka_niva;Yes;856;Followed
JussiEronen;PekkaSoini;No;857;Followed
JussiEronen;TimoHaapala;Yes;858;Followed
JussiEronen;JanneMa;Yes;859;Followed
JussiEronen;Ruokanen;Yes;860;Followed
JussiEronen;ktelanne;Yes;861;Followed
JussiEronen;Lauri_Kivinen;No;862;Followed
JussiEronen;heikki_hakala;No;863;Followed
JussiEronen;vpk63;No;864;Followed
jukka_niva;JussiEronen;Yes;865;Followed
Hannele_V;JussiEronen;Yes;866;Followed
merjaya;JussiEronen;Yes;867;Followed
KaiusNiemi;JussiEronen;Yes;868;Followed
Ruokanen;JussiEronen;Yes;869;Followed
HolopainenMinna;JussiEronen;Yes;870;Followed
ktelanne;JussiEronen;Yes;871;Followed
anteromukka;JussiEronen;Yes;872;Followed
Petri2020;JussiEronen;Yes;873;Followed
PerttuKauppinen;JussiEronen;No;874;Followed
RVenalainen;JussiEronen;Yes;875;Followed
jrista;JussiEronen;No;876;Followed
EYlajarvi;JussiEronen;Yes;877;Followed
MarjaKirsi;JussiEronen;Yes;878;Followed
M_Pirttijoki;JussiEronen;Yes;879;Followed
TimoHaapala;JussiEronen;Yes;880;Followed
MikaPettersson;JussiEronen;Yes;881;Followed
opbehm;JussiEronen;Yes;882;Followed
markojunkkari;JussiEronen;Yes;883;Followed
AppelsinUlla;JussiEronen;Yes;884;Followed
PaiviAnttikoski;JussiEronen;Yes;885;Followed
erkkimer;JussiEronen;No;886;Followed
MVirtanen;jrista;Yes;887;Followed
anttijkokkonen;jrista;Yes;888;Followed
jrista;markojunkkari;No;889;Followed
jrista;TimoHaapala;No;890;Followed
jrista;KaiusNiemi;No;891;Followed
jrista;reijoruokanen;No;892;Followed
jrista;erkkimer;Yes;893;Followed
jrista;AppelsinUlla;No;894;Followed
jrista;jukka_niva;No;895;Followed
jrista;KaikAnne;No;896;Followed
jrista;JussiPullinen;No;897;Followed
jrista;PerttuKauppinen;No;898;Followed
jrista;attesakari;No;899;Followed
jrista;arnoahosniemi;No;900;Followed
jrista;anttijkokkonen;Yes;901;Followed
jrista;TSadeoja;No;902;Followed
jrista;ErvastiPekka;No;903;Followed
jrista;kuistiala;No;904;Followed
jrista;Hannele_V;No;905;Followed
jrista;MVirtanen;Yes;906;Followed
jrista;HolopainenMinna;No;907;Followed
jrista;HeikkiRotko;No;908;Followed
jrista;Lauri_Kivinen;No;909;Followed
jrista;merjaya;No;910;Followed
erkkimer;jrista;Yes;911;Followed
EYlajarvi;erkkimer;No;912;Followed
opbehm;erkkimer;Yes;913;Followed
erkkimer;reijoruokanen;No;914;Followed
erkkimer;AppelsinUlla;No;915;Followed
erkkimer;KaiusNiemi;No;916;Followed
erkkimer;merjaya;No;917;Followed
erkkimer;kuistiala;No;918;Followed
erkkimer;HeikkiRotko;No;919;Followed
erkkimer;M_Pirttijoki;No;920;Followed
erkkimer;TimoHaapala;No;921;Followed
erkkimer;opbehm;Yes;922;Followed
erkkimer;RVenalainen;No;923;Followed
erkkimer;arnoahosniemi;No;924;Followed
erkkimer;Petri2020;No;925;Followed
erkkimer;merjamahka;No;926;Followed
JussiPullinen;hkauk;No;927;Followed
markojunkkari;hkauk;No;928;Followed
PekkaSoini;hkauk;No;929;Followed
kuistiala;JussiPullinen;Yes;930;Followed
JussiPullinen;attesakari;No;931;Followed
JussiPullinen;KaiusNiemi;Yes;932;Followed
JussiPullinen;kuistiala;Yes;933;Followed
JussiPullinen;JanneMa;Yes;934;Followed
JussiPullinen;afBjorkesten;Yes;935;Followed
JussiPullinen;RVenalainen;Yes;936;Followed
JussiPullinen;PerttuKauppinen;Yes;937;Followed
JussiPullinen;reijoruokanen;No;938;Followed
JussiPullinen;HolopainenMinna;Yes;939;Followed
JussiPullinen;TimoHaapala;No;940;Followed
JussiPullinen;MikaPettersson;Yes;941;Followed
JussiPullinen;markojunkkari;Yes;942;Followed
JussiPullinen;merjaya;Yes;943;Followed
JussiPullinen;anteromukka;Yes;944;Followed
JussiPullinen;AppelsinUlla;Yes;945;Followed
JussiPullinen;EYlajarvi;Yes;946;Followed
JussiPullinen;heikki_hakala;Yes;947;Followed
JussiPullinen;PekkaSoini;Yes;948;Followed
JussiPullinen;KemppainenJouni;No;949;Followed
JussiPullinen;PaiviAnttikoski;Yes;950;Followed
JussiPullinen;jukka_niva;Yes;951;Followed
JussiPullinen;ErvastiPekka;No;952;Followed
JussiPullinen;Ruokanen;Yes;953;Followed
TimoKamarainen;JussiPullinen;No;954;Followed
MVirtanen;JussiPullinen;No;955;Followed
JanneMa;JussiPullinen;Yes;956;Followed
anttijkokkonen;JussiPullinen;No;957;Followed
jukka_niva;JussiPullinen;Yes;958;Followed
afBjorkesten;JussiPullinen;Yes;959;Followed
merjaya;JussiPullinen;Yes;960;Followed
KaiusNiemi;JussiPullinen;Yes;961;Followed
Ruokanen;JussiPullinen;Yes;962;Followed
HolopainenMinna;JussiPullinen;Yes;963;Followed
anteromukka;JussiPullinen;Yes;964;Followed
Petri2020;JussiPullinen;No;965;Followed
PerttuKauppinen;JussiPullinen;Yes;966;Followed
RVenalainen;JussiPullinen;Yes;967;Followed
heikki_hakala;JussiPullinen;Yes;968;Followed
EYlajarvi;JussiPullinen;Yes;969;Followed
M_Pirttijoki;JussiPullinen;No;970;Followed
MikaPettersson;JussiPullinen;Yes;971;Followed
opbehm;JussiPullinen;No;972;Followed
markojunkkari;JussiPullinen;Yes;973;Followed
AppelsinUlla;JussiPullinen;Yes;974;Followed
PaiviAnttikoski;JussiPullinen;Yes;975;Followed
PekkaSoini;JussiPullinen;Yes;976;Followed
kuistiala;PekkaSoini;No;977;Followed
vpk63;PekkaSoini;No;978;Followed
reijoruokanen;PekkaSoini;Yes;979;Followed
KaiusNiemi;PekkaSoini;Yes;980;Followed
HolopainenMinna;PekkaSoini;Yes;981;Followed
ktelanne;PekkaSoini;No;982;Followed
anteromukka;PekkaSoini;Yes;983;Followed
Petri2020;PekkaSoini;No;984;Followed
PerttuKauppinen;PekkaSoini;Yes;985;Followed
TSadeoja;PekkaSoini;Yes;986;Followed
arnoahosniemi;PekkaSoini;No;987;Followed
EYlajarvi;PekkaSoini;No;988;Followed
MikaPettersson;PekkaSoini;Yes;989;Followed
markojunkkari;PekkaSoini;No;990;Followed
AppelsinUlla;PekkaSoini;No;991;Followed
PekkaSoini;TSadeoja;Yes;992;Followed
PekkaSoini;RVenalainen;No;993;Followed
PekkaSoini;KaiusNiemi;Yes;994;Followed
PekkaSoini;PerttuKauppinen;Yes;995;Followed
PekkaSoini;anteromukka;Yes;996;Followed
PekkaSoini;HolopainenMinna;Yes;997;Followed
PekkaSoini;MikaPettersson;Yes;998;Followed
PekkaSoini;reijoruokanen;Yes;999;Followed
kuistiala;reijoruokanen;Yes;1000;Followed
TimoKamarainen;reijoruokanen;No;1001;Followed
MVirtanen;reijoruokanen;No;1002;Followed
HeikkiRotko;reijoruokanen;No;1003;Followed
attesakari;reijoruokanen;Yes;1004;Followed
vpk63;reijoruokanen;Yes;1005;Followed
reijoruokanen;KaiusNiemi;Yes;1006;Followed
reijoruokanen;RVenalainen;Yes;1007;Followed
reijoruokanen;kuistiala;Yes;1008;Followed
reijoruokanen;AppelsinUlla;Yes;1009;Followed
reijoruokanen;markojunkkari;Yes;1010;Followed
reijoruokanen;merjaya;Yes;1011;Followed
reijoruokanen;TSadeoja;Yes;1012;Followed
reijoruokanen;HolopainenMinna;Yes;1013;Followed
reijoruokanen;attesakari;Yes;1014;Followed
reijoruokanen;arnoahosniemi;Yes;1015;Followed
reijoruokanen;EYlajarvi;Yes;1016;Followed
reijoruokanen;Ruokanen;Yes;1017;Followed
reijoruokanen;MikaPettersson;Yes;1018;Followed
reijoruokanen;vpk63;Yes;1019;Followed
anttijkokkonen;reijoruokanen;No;1020;Followed
jukka_niva;reijoruokanen;No;1021;Followed
merjaya;reijoruokanen;Yes;1022;Followed
KaiusNiemi;reijoruokanen;Yes;1023;Followed
Ruokanen;reijoruokanen;Yes;1024;Followed
HolopainenMinna;reijoruokanen;Yes;1025;Followed
ktelanne;reijoruokanen;No;1026;Followed
anteromukka;reijoruokanen;No;1027;Followed
Petri2020;reijoruokanen;No;1028;Followed
PerttuKauppinen;reijoruokanen;No;1029;Followed
TSadeoja;reijoruokanen;Yes;1030;Followed
arnoahosniemi;reijoruokanen;Yes;1031;Followed
RVenalainen;reijoruokanen;Yes;1032;Followed
EYlajarvi;reijoruokanen;Yes;1033;Followed
M_Pirttijoki;reijoruokanen;No;1034;Followed
TimoHaapala;reijoruokanen;No;1035;Followed
MikaPettersson;reijoruokanen;Yes;1036;Followed
opbehm;reijoruokanen;No;1037;Followed
markojunkkari;reijoruokanen;Yes;1038;Followed
AppelsinUlla;reijoruokanen;Yes;1039;Followed
PaiviAnttikoski;reijoruokanen;No;1040;Followed
KemppainenJouni;reijoruokanen;No;1041;Followed
HeikkiRotko;opbehm;Yes;1042;Followed
vpk63;opbehm;No;1043;Followed
anttijkokkonen;opbehm;Yes;1044;Followed
Ruokanen;opbehm;Yes;1045;Followed
HolopainenMinna;opbehm;Yes;1046;Followed
ktelanne;opbehm;No;1047;Followed
anteromukka;opbehm;Yes;1048;Followed
PerttuKauppinen;opbehm;No;1049;Followed
TSadeoja;opbehm;Yes;1050;Followed
arnoahosniemi;opbehm;Yes;1051;Followed
RVenalainen;opbehm;Yes;1052;Followed
EYlajarvi;opbehm;Yes;1053;Followed
M_Pirttijoki;opbehm;Yes;1054;Followed
MikaPettersson;opbehm;Yes;1055;Followed
opbehm;anttijkokkonen;Yes;1056;Followed
opbehm;HolopainenMinna;Yes;1057;Followed
opbehm;KaiusNiemi;No;1058;Followed
opbehm;arnoahosniemi;Yes;1059;Followed
opbehm;TimoHaapala;No;1060;Followed
opbehm;merjaya;No;1061;Followed
opbehm;EYlajarvi;Yes;1062;Followed
opbehm;MikaPettersson;Yes;1063;Followed
opbehm;AppelsinUlla;Yes;1064;Followed
opbehm;markojunkkari;Yes;1065;Followed
opbehm;attesakari;No;1066;Followed
opbehm;M_Pirttijoki;Yes;1067;Followed
opbehm;TSadeoja;Yes;1068;Followed
opbehm;anteromukka;Yes;1069;Followed
opbehm;HeikkiRotko;Yes;1070;Followed
opbehm;RVenalainen;Yes;1071;Followed
opbehm;KemppainenJouni;Yes;1072;Followed
opbehm;Ruokanen;Yes;1073;Followed
opbehm;ErvastiPekka;No;1074;Followed
markojunkkari;opbehm;Yes;1075;Followed
AppelsinUlla;opbehm;Yes;1076;Followed
KemppainenJouni;opbehm;Yes;1077;Followed
kuistiala;merjaya;Yes;1078;Followed
kuistiala;HolopainenMinna;Yes;1079;Followed
kuistiala;TimoHaapala;Yes;1080;Followed
kuistiala;M_Pirttijoki;Yes;1081;Followed
kuistiala;KaiusNiemi;Yes;1082;Followed
kuistiala;arnoahosniemi;Yes;1083;Followed
kuistiala;MarjaKirsi;Yes;1084;Followed
kuistiala;MikaPettersson;Yes;1085;Followed
kuistiala;markojunkkari;Yes;1086;Followed
kuistiala;HeikkiRotko;Yes;1087;Followed
kuistiala;PaiviAnttikoski;Yes;1088;Followed
kuistiala;attesakari;Yes;1089;Followed
kuistiala;RVenalainen;Yes;1090;Followed
kuistiala;EYlajarvi;Yes;1091;Followed
kuistiala;anteromukka;Yes;1092;Followed
kuistiala;TSadeoja;Yes;1093;Followed
kuistiala;KemppainenJouni;Yes;1094;Followed
kuistiala;AppelsinUlla;Yes;1095;Followed
kuistiala;Lauri_Kivinen;No;1096;Followed
kuistiala;ErvastiPekka;No;1097;Followed
kuistiala;Petri2020;Yes;1098;Followed
TimoKamarainen;kuistiala;No;1099;Followed
MVirtanen;kuistiala;No;1100;Followed
HeikkiRotko;kuistiala;Yes;1101;Followed
JanneMa;kuistiala;No;1102;Followed
attesakari;kuistiala;Yes;1103;Followed
merjamahka;kuistiala;No;1104;Followed
jukka_niva;kuistiala;No;1105;Followed
afBjorkesten;kuistiala;No;1106;Followed
merjaya;kuistiala;Yes;1107;Followed
KaiusNiemi;kuistiala;Yes;1108;Followed
Ruokanen;kuistiala;No;1109;Followed
HolopainenMinna;kuistiala;Yes;1110;Followed
ktelanne;kuistiala;No;1111;Followed
anteromukka;kuistiala;Yes;1112;Followed
Petri2020;kuistiala;Yes;1113;Followed
PerttuKauppinen;kuistiala;No;1114;Followed
TSadeoja;kuistiala;Yes;1115;Followed
arnoahosniemi;kuistiala;Yes;1116;Followed
RVenalainen;kuistiala;Yes;1117;Followed
EYlajarvi;kuistiala;Yes;1118;Followed
MarjaKirsi;kuistiala;Yes;1119;Followed
M_Pirttijoki;kuistiala;Yes;1120;Followed
TimoHaapala;kuistiala;Yes;1121;Followed
MikaPettersson;kuistiala;Yes;1122;Followed
markojunkkari;kuistiala;Yes;1123;Followed
AppelsinUlla;kuistiala;Yes;1124;Followed
PaiviAnttikoski;kuistiala;Yes;1125;Followed
KemppainenJouni;kuistiala;Yes;1126;Followed
TimoKamarainen;EYlajarvi;Yes;1127;Followed
HeikkiRotko;EYlajarvi;Yes;1128;Followed
JanneMa;EYlajarvi;No;1129;Followed
attesakari;EYlajarvi;Yes;1130;Followed
vpk63;EYlajarvi;Yes;1131;Followed
merjamahka;EYlajarvi;No;1132;Followed
anttijkokkonen;EYlajarvi;No;1133;Followed
jukka_niva;EYlajarvi;Yes;1134;Followed
afBjorkesten;EYlajarvi;Yes;1135;Followed
merjaya;EYlajarvi;Yes;1136;Followed
KaiusNiemi;EYlajarvi;Yes;1137;Followed
Ruokanen;EYlajarvi;Yes;1138;Followed
HolopainenMinna;EYlajarvi;Yes;1139;Followed
ktelanne;EYlajarvi;Yes;1140;Followed
anteromukka;EYlajarvi;Yes;1141;Followed
Petri2020;EYlajarvi;Yes;1142;Followed
PerttuKauppinen;EYlajarvi;Yes;1143;Followed
TSadeoja;EYlajarvi;Yes;1144;Followed
arnoahosniemi;EYlajarvi;Yes;1145;Followed
RVenalainen;EYlajarvi;Yes;1146;Followed
heikki_hakala;EYlajarvi;No;1147;Followed
EYlajarvi;attesakari;Yes;1148;Followed
EYlajarvi;KaiusNiemi;Yes;1149;Followed
EYlajarvi;HolopainenMinna;Yes;1150;Followed
EYlajarvi;afBjorkesten;Yes;1151;Followed
EYlajarvi;merjaya;Yes;1152;Followed
EYlajarvi;vpk63;Yes;1153;Followed
EYlajarvi;arnoahosniemi;Yes;1154;Followed
EYlajarvi;TimoKamarainen;Yes;1155;Followed
EYlajarvi;MikaPettersson;Yes;1156;Followed
EYlajarvi;TimoHaapala;No;1157;Followed
EYlajarvi;anteromukka;Yes;1158;Followed
EYlajarvi;jukka_niva;Yes;1159;Followed
EYlajarvi;PerttuKauppinen;Yes;1160;Followed
EYlajarvi;markojunkkari;Yes;1161;Followed
EYlajarvi;AppelsinUlla;Yes;1162;Followed
EYlajarvi;M_Pirttijoki;Yes;1163;Followed
EYlajarvi;TSadeoja;Yes;1164;Followed
EYlajarvi;Petri2020;Yes;1165;Followed
EYlajarvi;PaiviAnttikoski;Yes;1166;Followed
EYlajarvi;RVenalainen;Yes;1167;Followed
EYlajarvi;HeikkiRotko;Yes;1168;Followed
EYlajarvi;ktelanne;Yes;1169;Followed
EYlajarvi;KemppainenJouni;Yes;1170;Followed
EYlajarvi;Hannele_V;No;1171;Followed
EYlajarvi;Ruokanen;Yes;1172;Followed
EYlajarvi;Lauri_Kivinen;No;1173;Followed
EYlajarvi;ErvastiPekka;No;1174;Followed
M_Pirttijoki;EYlajarvi;Yes;1175;Followed
MikaPettersson;EYlajarvi;Yes;1176;Followed
markojunkkari;EYlajarvi;Yes;1177;Followed
AppelsinUlla;EYlajarvi;Yes;1178;Followed
PaiviAnttikoski;EYlajarvi;Yes;1179;Followed
KemppainenJouni;EYlajarvi;Yes;1180;Followed
MVirtanen;TimoHaapala;No;1181;Followed
HeikkiRotko;TimoHaapala;Yes;1182;Followed
JanneMa;TimoHaapala;No;1183;Followed
vpk63;TimoHaapala;No;1184;Followed
merjamahka;TimoHaapala;No;1185;Followed
anttijkokkonen;TimoHaapala;Yes;1186;Followed
jukka_niva;TimoHaapala;Yes;1187;Followed
Hannele_V;TimoHaapala;Yes;1188;Followed
merjaya;TimoHaapala;Yes;1189;Followed
KaiusNiemi;TimoHaapala;Yes;1190;Followed
laurikontro;TimoHaapala;Yes;1191;Followed
Ruokanen;TimoHaapala;Yes;1192;Followed
HolopainenMinna;TimoHaapala;Yes;1193;Followed
ktelanne;TimoHaapala;Yes;1194;Followed
anteromukka;TimoHaapala;Yes;1195;Followed
Petri2020;TimoHaapala;Yes;1196;Followed
PerttuKauppinen;TimoHaapala;No;1197;Followed
TSadeoja;TimoHaapala;Yes;1198;Followed
arnoahosniemi;TimoHaapala;Yes;1199;Followed
RVenalainen;TimoHaapala;Yes;1200;Followed
MarjaKirsi;TimoHaapala;Yes;1201;Followed
M_Pirttijoki;TimoHaapala;Yes;1202;Followed
TimoHaapala;merjaya;Yes;1203;Followed
TimoHaapala;KaiusNiemi;Yes;1204;Followed
TimoHaapala;anttijkokkonen;Yes;1205;Followed
TimoHaapala;M_Pirttijoki;Yes;1206;Followed
TimoHaapala;HolopainenMinna;Yes;1207;Followed
TimoHaapala;MikaPettersson;Yes;1208;Followed
TimoHaapala;AppelsinUlla;Yes;1209;Followed
TimoHaapala;anteromukka;Yes;1210;Followed
TimoHaapala;TSadeoja;Yes;1211;Followed
TimoHaapala;arnoahosniemi;Yes;1212;Followed
TimoHaapala;MarjaKirsi;Yes;1213;Followed
TimoHaapala;jukka_niva;Yes;1214;Followed
TimoHaapala;PaiviAnttikoski;Yes;1215;Followed
TimoHaapala;attesakari;No;1216;Followed
TimoHaapala;markojunkkari;Yes;1217;Followed
TimoHaapala;HeikkiRotko;Yes;1218;Followed
TimoHaapala;RVenalainen;Yes;1219;Followed
TimoHaapala;laurikontro;Yes;1220;Followed
TimoHaapala;KemppainenJouni;Yes;1221;Followed
TimoHaapala;Ruokanen;Yes;1222;Followed
TimoHaapala;Petri2020;Yes;1223;Followed
TimoHaapala;ErvastiPekka;Yes;1224;Followed
TimoHaapala;Hannele_V;Yes;1225;Followed
TimoHaapala;ktelanne;Yes;1226;Followed
MikaPettersson;TimoHaapala;Yes;1227;Followed
ErvastiPekka;TimoHaapala;Yes;1228;Followed
markojunkkari;TimoHaapala;Yes;1229;Followed
AppelsinUlla;TimoHaapala;Yes;1230;Followed
PaiviAnttikoski;TimoHaapala;Yes;1231;Followed
KemppainenJouni;TimoHaapala;Yes;1232;Followed
TimoKamarainen;anteromukka;Yes;1233;Followed
MVirtanen;anteromukka;No;1234;Followed
JanneMa;anteromukka;Yes;1235;Followed
attesakari;anteromukka;Yes;1236;Followed
vpk63;anteromukka;Yes;1237;Followed
anttijkokkonen;anteromukka;Yes;1238;Followed
jukka_niva;anteromukka;Yes;1239;Followed
afBjorkesten;anteromukka;Yes;1240;Followed
KaiusNiemi;anteromukka;Yes;1241;Followed
Ruokanen;anteromukka;Yes;1242;Followed
HolopainenMinna;anteromukka;Yes;1243;Followed
ktelanne;anteromukka;No;1244;Followed
anteromukka;KaiusNiemi;Yes;1245;Followed
anteromukka;MikaPettersson;Yes;1246;Followed
anteromukka;HolopainenMinna;Yes;1247;Followed
anteromukka;markojunkkari;Yes;1248;Followed
anteromukka;merjaya;No;1249;Followed
anteromukka;RVenalainen;Yes;1250;Followed
anteromukka;PerttuKauppinen;Yes;1251;Followed
anteromukka;TimoKamarainen;Yes;1252;Followed
anteromukka;AppelsinUlla;Yes;1253;Followed
anteromukka;jukka_niva;Yes;1254;Followed
anteromukka;JanneMa;Yes;1255;Followed
anteromukka;attesakari;Yes;1256;Followed
anteromukka;arnoahosniemi;No;1257;Followed
anteromukka;TSadeoja;Yes;1258;Followed
anteromukka;Petri2020;Yes;1259;Followed
anteromukka;afBjorkesten;Yes;1260;Followed
anteromukka;heikki_hakala;No;1261;Followed
anteromukka;KemppainenJouni;Yes;1262;Followed
anteromukka;Ruokanen;Yes;1263;Followed
anteromukka;vpk63;Yes;1264;Followed
anteromukka;ErvastiPekka;No;1265;Followed
anteromukka;Lauri_Kivinen;No;1266;Followed
anteromukka;anttijkokkonen;Yes;1267;Followed
Petri2020;anteromukka;Yes;1268;Followed
PerttuKauppinen;anteromukka;Yes;1269;Followed
TSadeoja;anteromukka;Yes;1270;Followed
RVenalainen;anteromukka;Yes;1271;Followed
MarjaKirsi;anteromukka;No;1272;Followed
MikaPettersson;anteromukka;Yes;1273;Followed
markojunkkari;anteromukka;Yes;1274;Followed
AppelsinUlla;anteromukka;Yes;1275;Followed
PaiviAnttikoski;anteromukka;No;1276;Followed
KemppainenJouni;anteromukka;Yes;1277;Followed
Hannele_V;heikki_hakala;No;1278;Followed
KaiusNiemi;heikki_hakala;Yes;1279;Followed
HolopainenMinna;heikki_hakala;Yes;1280;Followed
Petri2020;heikki_hakala;Yes;1281;Followed
PerttuKauppinen;heikki_hakala;No;1282;Followed
TSadeoja;heikki_hakala;No;1283;Followed
RVenalainen;heikki_hakala;Yes;1284;Followed
heikki_hakala;attesakari;No;1285;Followed
heikki_hakala;RVenalainen;Yes;1286;Followed
heikki_hakala;HolopainenMinna;Yes;1287;Followed
heikki_hakala;merjaya;No;1288;Followed
heikki_hakala;arnoahosniemi;No;1289;Followed
heikki_hakala;markojunkkari;Yes;1290;Followed
heikki_hakala;KaiusNiemi;Yes;1291;Followed
heikki_hakala;Petri2020;Yes;1292;Followed
heikki_hakala;MikaPettersson;No;1293;Followed
markojunkkari;heikki_hakala;Yes;1294;Followed
KemppainenJouni;heikki_hakala;No;1295;Followed
TimoKamarainen;PaiviAnttikoski;No;1296;Followed
MVirtanen;PaiviAnttikoski;Yes;1297;Followed
HeikkiRotko;PaiviAnttikoski;Yes;1298;Followed
JanneMa;PaiviAnttikoski;No;1299;Followed
jukka_niva;PaiviAnttikoski;Yes;1300;Followed
afBjorkesten;PaiviAnttikoski;Yes;1301;Followed
merjaya;PaiviAnttikoski;Yes;1302;Followed
Ruokanen;PaiviAnttikoski;Yes;1303;Followed
HolopainenMinna;PaiviAnttikoski;Yes;1304;Followed
Petri2020;PaiviAnttikoski;Yes;1305;Followed
arnoahosniemi;PaiviAnttikoski;Yes;1306;Followed
RVenalainen;PaiviAnttikoski;Yes;1307;Followed
MarjaKirsi;PaiviAnttikoski;Yes;1308;Followed
M_Pirttijoki;PaiviAnttikoski;Yes;1309;Followed
ReijoLindroos;PaiviAnttikoski;Yes;1310;Followed
MikaPettersson;PaiviAnttikoski;Yes;1311;Followed
ErvastiPekka;PaiviAnttikoski;Yes;1312;Followed
markojunkkari;PaiviAnttikoski;Yes;1313;Followed
AppelsinUlla;PaiviAnttikoski;Yes;1314;Followed
PaiviAnttikoski;merjaya;Yes;1315;Followed
PaiviAnttikoski;attesakari;No;1316;Followed
PaiviAnttikoski;KaiusNiemi;No;1317;Followed
PaiviAnttikoski;MarjaKirsi;Yes;1318;Followed
PaiviAnttikoski;HolopainenMinna;Yes;1319;Followed
PaiviAnttikoski;arnoahosniemi;Yes;1320;Followed
PaiviAnttikoski;M_Pirttijoki;Yes;1321;Followed
PaiviAnttikoski;HeikkiRotko;Yes;1322;Followed
PaiviAnttikoski;RVenalainen;Yes;1323;Followed
PaiviAnttikoski;AppelsinUlla;Yes;1324;Followed
PaiviAnttikoski;afBjorkesten;Yes;1325;Followed
PaiviAnttikoski;jukka_niva;Yes;1326;Followed
PaiviAnttikoski;MikaPettersson;Yes;1327;Followed
PaiviAnttikoski;KemppainenJouni;Yes;1328;Followed
PaiviAnttikoski;markojunkkari;Yes;1329;Followed
PaiviAnttikoski;Petri2020;Yes;1330;Followed
PaiviAnttikoski;ErvastiPekka;Yes;1331;Followed
PaiviAnttikoski;Ruokanen;Yes;1332;Followed
PaiviAnttikoski;ReijoLindroos;Yes;1333;Followed
PaiviAnttikoski;MVirtanen;Yes;1334;Followed
KemppainenJouni;PaiviAnttikoski;Yes;1335;Followed
laurikontro;merjaya;No;1336;Followed
laurikontro;markojunkkari;Yes;1337;Followed
laurikontro;Ruokanen;No;1338;Followed
laurikontro;AppelsinUlla;No;1339;Followed
laurikontro;RVenalainen;No;1340;Followed
laurikontro;HolopainenMinna;Yes;1341;Followed
laurikontro;KemppainenJouni;Yes;1342;Followed
laurikontro;ErvastiPekka;No;1343;Followed
laurikontro;KaiusNiemi;No;1344;Followed
laurikontro;Petri2020;Yes;1345;Followed
HolopainenMinna;laurikontro;Yes;1346;Followed
Petri2020;laurikontro;Yes;1347;Followed
arnoahosniemi;laurikontro;No;1348;Followed
markojunkkari;laurikontro;Yes;1349;Followed
KemppainenJouni;laurikontro;Yes;1350;Followed
TimoKamarainen;Hannele_V;Yes;1351;Followed
MVirtanen;Hannele_V;Yes;1352;Followed
JanneMa;Hannele_V;Yes;1353;Followed
jukka_niva;Hannele_V;No;1354;Followed
Hannele_V;attesakari;No;1355;Followed
Hannele_V;MVirtanen;Yes;1356;Followed
Hannele_V;RVenalainen;No;1357;Followed
Hannele_V;TimoKamarainen;Yes;1358;Followed
Hannele_V;KaiusNiemi;Yes;1359;Followed
Hannele_V;JanneMa;Yes;1360;Followed
Hannele_V;markojunkkari;Yes;1361;Followed
Hannele_V;merjaya;No;1362;Followed
Hannele_V;Petri2020;Yes;1363;Followed
Hannele_V;Ruokanen;No;1364;Followed
Hannele_V;KemppainenJouni;Yes;1365;Followed
KaiusNiemi;Hannele_V;Yes;1366;Followed
Petri2020;Hannele_V;Yes;1367;Followed
markojunkkari;Hannele_V;Yes;1368;Followed
KemppainenJouni;Hannele_V;Yes;1369;Followed
anttijkokkonen;ktelanne;No;1370;Followed
merjaya;ktelanne;Yes;1371;Followed
HolopainenMinna;ktelanne;Yes;1372;Followed
ktelanne;HeikkiRotko;No;1373;Followed
ktelanne;KaiusNiemi;No;1374;Followed
ktelanne;RVenalainen;No;1375;Followed
ktelanne;TSadeoja;Yes;1376;Followed
ktelanne;M_Pirttijoki;Yes;1377;Followed
ktelanne;arnoahosniemi;Yes;1378;Followed
ktelanne;merjaya;Yes;1379;Followed
ktelanne;HolopainenMinna;Yes;1380;Followed
ktelanne;AppelsinUlla;Yes;1381;Followed
ktelanne;attesakari;No;1382;Followed
ktelanne;MikaPettersson;Yes;1383;Followed
ktelanne;markojunkkari;Yes;1384;Followed
ktelanne;KemppainenJouni;Yes;1385;Followed
ktelanne;Ruokanen;No;1386;Followed
TSadeoja;ktelanne;Yes;1387;Followed
arnoahosniemi;ktelanne;Yes;1388;Followed
M_Pirttijoki;ktelanne;Yes;1389;Followed
MikaPettersson;ktelanne;Yes;1390;Followed
markojunkkari;ktelanne;Yes;1391;Followed
AppelsinUlla;ktelanne;Yes;1392;Followed
KemppainenJouni;ktelanne;Yes;1393;Followed
MVirtanen;anttijkokkonen;No;1394;Followed
attesakari;anttijkokkonen;Yes;1395;Followed
anttijkokkonen;attesakari;Yes;1396;Followed
anttijkokkonen;HolopainenMinna;Yes;1397;Followed
anttijkokkonen;RVenalainen;No;1398;Followed
anttijkokkonen;KaiusNiemi;Yes;1399;Followed
anttijkokkonen;markojunkkari;Yes;1400;Followed
anttijkokkonen;MikaPettersson;Yes;1401;Followed
anttijkokkonen;merjaya;No;1402;Followed
anttijkokkonen;arnoahosniemi;Yes;1403;Followed
anttijkokkonen;M_Pirttijoki;Yes;1404;Followed
anttijkokkonen;Petri2020;Yes;1405;Followed
anttijkokkonen;TSadeoja;No;1406;Followed
anttijkokkonen;PerttuKauppinen;No;1407;Followed
anttijkokkonen;Ruokanen;Yes;1408;Followed
anttijkokkonen;KemppainenJouni;Yes;1409;Followed
anttijkokkonen;MarjaKirsi;No;1410;Followed
anttijkokkonen;AppelsinUlla;No;1411;Followed
KaiusNiemi;anttijkokkonen;Yes;1412;Followed
Ruokanen;anttijkokkonen;Yes;1413;Followed
HolopainenMinna;anttijkokkonen;Yes;1414;Followed
Petri2020;anttijkokkonen;Yes;1415;Followed
arnoahosniemi;anttijkokkonen;Yes;1416;Followed
M_Pirttijoki;anttijkokkonen;Yes;1417;Followed
MikaPettersson;anttijkokkonen;Yes;1418;Followed
markojunkkari;anttijkokkonen;Yes;1419;Followed
KemppainenJouni;anttijkokkonen;Yes;1420;Followed
MVirtanen;MarjaKirsi;No;1421;Followed
HeikkiRotko;MarjaKirsi;Yes;1422;Followed
jukka_niva;MarjaKirsi;No;1423;Followed
merjaya;MarjaKirsi;Yes;1424;Followed
HolopainenMinna;MarjaKirsi;Yes;1425;Followed
MarjaKirsi;HolopainenMinna;Yes;1426;Followed
MarjaKirsi;merjaya;Yes;1427;Followed
MarjaKirsi;M_Pirttijoki;No;1428;Followed
MarjaKirsi;HeikkiRotko;Yes;1429;Followed
MarjaKirsi;arnoahosniemi;No;1430;Followed
MarjaKirsi;attesakari;No;1431;Followed
MarjaKirsi;RVenalainen;No;1432;Followed
MarjaKirsi;KaiusNiemi;No;1433;Followed
MarjaKirsi;KemppainenJouni;Yes;1434;Followed
KemppainenJouni;MarjaKirsi;Yes;1435;Followed
TimoKamarainen;ReijoLindroos;Yes;1436;Followed
MVirtanen;ReijoLindroos;No;1437;Followed
JanneMa;ReijoLindroos;No;1438;Followed
jukka_niva;ReijoLindroos;Yes;1439;Followed
HolopainenMinna;ReijoLindroos;No;1440;Followed
ReijoLindroos;jukka_niva;Yes;1441;Followed
ReijoLindroos;attesakari;No;1442;Followed
ReijoLindroos;KemppainenJouni;Yes;1443;Followed
ReijoLindroos;Lauri_Kivinen;No;1444;Followed
ReijoLindroos;KaiusNiemi;No;1445;Followed
ReijoLindroos;ErvastiPekka;Yes;1446;Followed
ReijoLindroos;TimoKamarainen;Yes;1447;Followed
ErvastiPekka;ReijoLindroos;Yes;1448;Followed
KemppainenJouni;ReijoLindroos;Yes;1449;Followed
KaikAnne;ReijoLindroos;No;1450;Followed
TimoKamarainen;M_Pirttijoki;Yes;1451;Followed
HeikkiRotko;M_Pirttijoki;Yes;1452;Followed
jukka_niva;M_Pirttijoki;No;1453;Followed
merjaya;M_Pirttijoki;Yes;1454;Followed
KaiusNiemi;M_Pirttijoki;Yes;1455;Followed
Ruokanen;M_Pirttijoki;Yes;1456;Followed
HolopainenMinna;M_Pirttijoki;Yes;1457;Followed
Petri2020;M_Pirttijoki;No;1458;Followed
PerttuKauppinen;M_Pirttijoki;No;1459;Followed
arnoahosniemi;M_Pirttijoki;Yes;1460;Followed
M_Pirttijoki;merjaya;Yes;1461;Followed
M_Pirttijoki;TimoKamarainen;Yes;1462;Followed
M_Pirttijoki;KaiusNiemi;Yes;1463;Followed
M_Pirttijoki;attesakari;No;1464;Followed
M_Pirttijoki;arnoahosniemi;Yes;1465;Followed
M_Pirttijoki;HolopainenMinna;Yes;1466;Followed
M_Pirttijoki;MikaPettersson;Yes;1467;Followed
M_Pirttijoki;HeikkiRotko;Yes;1468;Followed
M_Pirttijoki;AppelsinUlla;Yes;1469;Followed
M_Pirttijoki;RVenalainen;No;1470;Followed
M_Pirttijoki;KemppainenJouni;Yes;1471;Followed
M_Pirttijoki;TSadeoja;No;1472;Followed
M_Pirttijoki;KaikAnne;Yes;1473;Followed
M_Pirttijoki;Ruokanen;Yes;1474;Followed
MikaPettersson;M_Pirttijoki;Yes;1475;Followed
markojunkkari;M_Pirttijoki;No;1476;Followed
AppelsinUlla;M_Pirttijoki;Yes;1477;Followed
KemppainenJouni;M_Pirttijoki;Yes;1478;Followed
KaikAnne;M_Pirttijoki;Yes;1479;Followed
merjamahka;Petri2020;Yes;1480;Followed
merjamahka;AppelsinUlla;Yes;1481;Followed
merjamahka;TSadeoja;Yes;1482;Followed
merjamahka;KaiusNiemi;No;1483;Followed
merjamahka;KaikAnne;Yes;1484;Followed
merjamahka;arnoahosniemi;No;1485;Followed
Petri2020;merjamahka;Yes;1486;Followed
PerttuKauppinen;merjamahka;No;1487;Followed
TSadeoja;merjamahka;Yes;1488;Followed
AppelsinUlla;merjamahka;Yes;1489;Followed
KaikAnne;merjamahka;Yes;1490;Followed
TimoKamarainen;Petri2020;Yes;1491;Followed
JanneMa;Petri2020;Yes;1492;Followed
jukka_niva;Petri2020;Yes;1493;Followed
KaiusNiemi;Petri2020;Yes;1494;Followed
HolopainenMinna;Petri2020;Yes;1495;Followed
Petri2020;KaiusNiemi;Yes;1496;Followed
Petri2020;TSadeoja;Yes;1497;Followed
Petri2020;MikaPettersson;Yes;1498;Followed
Petri2020;jukka_niva;Yes;1499;Followed
Petri2020;arnoahosniemi;No;1500;Followed
Petri2020;AppelsinUlla;Yes;1501;Followed
Petri2020;PerttuKauppinen;Yes;1502;Followed
Petri2020;merjaya;No;1503;Followed
Petri2020;attesakari;No;1504;Followed
Petri2020;HolopainenMinna;Yes;1505;Followed
Petri2020;markojunkkari;Yes;1506;Followed
Petri2020;TimoKamarainen;Yes;1507;Followed
Petri2020;RVenalainen;Yes;1508;Followed
Petri2020;JanneMa;Yes;1509;Followed
Petri2020;KemppainenJouni;No;1510;Followed
Petri2020;Ruokanen;No;1511;Followed
PerttuKauppinen;Petri2020;Yes;1512;Followed
TSadeoja;Petri2020;Yes;1513;Followed
RVenalainen;Petri2020;Yes;1514;Followed
MikaPettersson;Petri2020;Yes;1515;Followed
markojunkkari;Petri2020;Yes;1516;Followed
AppelsinUlla;Petri2020;Yes;1517;Followed
KaikAnne;Petri2020;No;1518;Followed
TimoKamarainen;PerttuKauppinen;Yes;1519;Followed
MVirtanen;PerttuKauppinen;Yes;1520;Followed
JanneMa;PerttuKauppinen;Yes;1521;Followed
vpk63;PerttuKauppinen;Yes;1522;Followed
jukka_niva;PerttuKauppinen;No;1523;Followed
merjaya;PerttuKauppinen;Yes;1524;Followed
KaiusNiemi;PerttuKauppinen;Yes;1525;Followed
HolopainenMinna;PerttuKauppinen;Yes;1526;Followed
PerttuKauppinen;attesakari;No;1527;Followed
PerttuKauppinen;KaiusNiemi;Yes;1528;Followed
PerttuKauppinen;RVenalainen;Yes;1529;Followed
PerttuKauppinen;HolopainenMinna;Yes;1530;Followed
PerttuKauppinen;markojunkkari;Yes;1531;Followed
PerttuKauppinen;MikaPettersson;No;1532;Followed
PerttuKauppinen;merjaya;Yes;1533;Followed
PerttuKauppinen;AppelsinUlla;Yes;1534;Followed
PerttuKauppinen;MVirtanen;Yes;1535;Followed
PerttuKauppinen;afBjorkesten;No;1536;Followed
PerttuKauppinen;arnoahosniemi;No;1537;Followed
PerttuKauppinen;TimoKamarainen;Yes;1538;Followed
PerttuKauppinen;TSadeoja;Yes;1539;Followed
PerttuKauppinen;HeikkiRotko;No;1540;Followed
PerttuKauppinen;KemppainenJouni;Yes;1541;Followed
PerttuKauppinen;ErvastiPekka;No;1542;Followed
PerttuKauppinen;Ruokanen;No;1543;Followed
PerttuKauppinen;KaikAnne;Yes;1544;Followed
PerttuKauppinen;JanneMa;Yes;1545;Followed
PerttuKauppinen;vpk63;Yes;1546;Followed
TSadeoja;PerttuKauppinen;Yes;1547;Followed
RVenalainen;PerttuKauppinen;Yes;1548;Followed
markojunkkari;PerttuKauppinen;Yes;1549;Followed
AppelsinUlla;PerttuKauppinen;Yes;1550;Followed
KemppainenJouni;PerttuKauppinen;Yes;1551;Followed
KaikAnne;PerttuKauppinen;Yes;1552;Followed
TimoKamarainen;KaikAnne;Yes;1553;Followed
MVirtanen;KaikAnne;No;1554;Followed
JanneMa;KaikAnne;Yes;1555;Followed
jukka_niva;KaikAnne;Yes;1556;Followed
merjaya;KaikAnne;Yes;1557;Followed
arnoahosniemi;KaikAnne;Yes;1558;Followed
ErvastiPekka;KaikAnne;Yes;1559;Followed
KemppainenJouni;KaikAnne;Yes;1560;Followed
KaikAnne;JanneMa;Yes;1561;Followed
KaikAnne;KemppainenJouni;Yes;1562;Followed
KaikAnne;TimoKamarainen;Yes;1563;Followed
KaikAnne;arnoahosniemi;Yes;1564;Followed
KaikAnne;jukka_niva;Yes;1565;Followed
KaikAnne;attesakari;No;1566;Followed
KaikAnne;RVenalainen;No;1567;Followed
KaikAnne;merjaya;Yes;1568;Followed
KaikAnne;ErvastiPekka;Yes;1569;Followed
TimoKamarainen;attesakari;Yes;1570;Followed
MVirtanen;attesakari;Yes;1571;Followed
HeikkiRotko;attesakari;No;1572;Followed
JanneMa;attesakari;No;1573;Followed
attesakari;HolopainenMinna;Yes;1574;Followed
attesakari;MVirtanen;Yes;1575;Followed
attesakari;TimoKamarainen;Yes;1576;Followed
attesakari;KaiusNiemi;Yes;1577;Followed
attesakari;markojunkkari;Yes;1578;Followed
attesakari;merjaya;Yes;1579;Followed
attesakari;RVenalainen;Yes;1580;Followed
attesakari;jukka_niva;Yes;1581;Followed
attesakari;KemppainenJouni;Yes;1582;Followed
attesakari;Lauri_Kivinen;Yes;1583;Followed
attesakari;afBjorkesten;Yes;1584;Followed
vpk63;attesakari;No;1585;Followed
jukka_niva;attesakari;Yes;1586;Followed
afBjorkesten;attesakari;Yes;1587;Followed
merjaya;attesakari;Yes;1588;Followed
KaiusNiemi;attesakari;Yes;1589;Followed
Ruokanen;attesakari;No;1590;Followed
HolopainenMinna;attesakari;Yes;1591;Followed
arnoahosniemi;attesakari;No;1592;Followed
RVenalainen;attesakari;Yes;1593;Followed
MikaPettersson;attesakari;No;1594;Followed
markojunkkari;attesakari;Yes;1595;Followed
AppelsinUlla;attesakari;No;1596;Followed
KemppainenJouni;attesakari;Yes;1597;Followed
Lauri_Kivinen;attesakari;Yes;1598;Followed
TimoKamarainen;merjaya;No;1599;Followed
MVirtanen;merjaya;No;1600;Followed
HeikkiRotko;merjaya;Yes;1601;Followed
JanneMa;merjaya;No;1602;Followed
vpk63;merjaya;Yes;1603;Followed
jukka_niva;merjaya;No;1604;Followed
afBjorkesten;merjaya;No;1605;Followed
merjaya;KaiusNiemi;Yes;1606;Followed
merjaya;HolopainenMinna;Yes;1607;Followed
merjaya;MikaPettersson;Yes;1608;Followed
merjaya;HeikkiRotko;Yes;1609;Followed
merjaya;arnoahosniemi;Yes;1610;Followed
merjaya;AppelsinUlla;Yes;1611;Followed
merjaya;markojunkkari;Yes;1612;Followed
merjaya;vpk63;Yes;1613;Followed
merjaya;RVenalainen;Yes;1614;Followed
merjaya;KemppainenJouni;Yes;1615;Followed
merjaya;TSadeoja;Yes;1616;Followed
merjaya;ErvastiPekka;Yes;1617;Followed
KaiusNiemi;merjaya;Yes;1618;Followed
Ruokanen;merjaya;No;1619;Followed
HolopainenMinna;merjaya;Yes;1620;Followed
TSadeoja;merjaya;Yes;1621;Followed
arnoahosniemi;merjaya;Yes;1622;Followed
RVenalainen;merjaya;Yes;1623;Followed
MikaPettersson;merjaya;Yes;1624;Followed
ErvastiPekka;merjaya;Yes;1625;Followed
markojunkkari;merjaya;Yes;1626;Followed
AppelsinUlla;merjaya;Yes;1627;Followed
KemppainenJouni;merjaya;Yes;1628;Followed
Lauri_Kivinen;merjaya;No;1629;Followed
TimoKamarainen;RVenalainen;No;1630;Followed
MVirtanen;RVenalainen;No;1631;Followed
HeikkiRotko;RVenalainen;Yes;1632;Followed
JanneMa;RVenalainen;Yes;1633;Followed
vpk63;RVenalainen;No;1634;Followed
jukka_niva;RVenalainen;Yes;1635;Followed
afBjorkesten;RVenalainen;Yes;1636;Followed
KaiusNiemi;RVenalainen;Yes;1637;Followed
Ruokanen;RVenalainen;Yes;1638;Followed
HolopainenMinna;RVenalainen;Yes;1639;Followed
TSadeoja;RVenalainen;Yes;1640;Followed
arnoahosniemi;RVenalainen;Yes;1641;Followed
RVenalainen;KaiusNiemi;Yes;1642;Followed
RVenalainen;MikaPettersson;Yes;1643;Followed
RVenalainen;HolopainenMinna;Yes;1644;Followed
RVenalainen;markojunkkari;Yes;1645;Followed
RVenalainen;AppelsinUlla;Yes;1646;Followed
RVenalainen;arnoahosniemi;Yes;1647;Followed
RVenalainen;afBjorkesten;Yes;1648;Followed
RVenalainen;TSadeoja;Yes;1649;Followed
RVenalainen;jukka_niva;Yes;1650;Followed
RVenalainen;HeikkiRotko;Yes;1651;Followed
RVenalainen;KemppainenJouni;Yes;1652;Followed
RVenalainen;Ruokanen;Yes;1653;Followed
RVenalainen;ErvastiPekka;Yes;1654;Followed
RVenalainen;JanneMa;Yes;1655;Followed
MikaPettersson;RVenalainen;Yes;1656;Followed
ErvastiPekka;RVenalainen;Yes;1657;Followed
markojunkkari;RVenalainen;Yes;1658;Followed
AppelsinUlla;RVenalainen;Yes;1659;Followed
KemppainenJouni;RVenalainen;Yes;1660;Followed
Lauri_Kivinen;RVenalainen;No;1661;Followed
TimoKamarainen;KaiusNiemi;Yes;1662;Followed
MVirtanen;KaiusNiemi;Yes;1663;Followed
HeikkiRotko;KaiusNiemi;No;1664;Followed
JanneMa;KaiusNiemi;No;1665;Followed
vpk63;KaiusNiemi;No;1666;Followed
jukka_niva;KaiusNiemi;Yes;1667;Followed
afBjorkesten;KaiusNiemi;No;1668;Followed
KaiusNiemi;HolopainenMinna;Yes;1669;Followed
KaiusNiemi;MikaPettersson;Yes;1670;Followed
KaiusNiemi;jukka_niva;Yes;1671;Followed
KaiusNiemi;TimoKamarainen;Yes;1672;Followed
KaiusNiemi;arnoahosniemi;Yes;1673;Followed
KaiusNiemi;TSadeoja;Yes;1674;Followed
KaiusNiemi;AppelsinUlla;Yes;1675;Followed
KaiusNiemi;markojunkkari;Yes;1676;Followed
KaiusNiemi;MVirtanen;Yes;1677;Followed
KaiusNiemi;Ruokanen;Yes;1678;Followed
Ruokanen;KaiusNiemi;Yes;1679;Followed
HolopainenMinna;KaiusNiemi;Yes;1680;Followed
TSadeoja;KaiusNiemi;Yes;1681;Followed
arnoahosniemi;KaiusNiemi;Yes;1682;Followed
MikaPettersson;KaiusNiemi;Yes;1683;Followed
ErvastiPekka;KaiusNiemi;No;1684;Followed
markojunkkari;KaiusNiemi;Yes;1685;Followed
AppelsinUlla;KaiusNiemi;Yes;1686;Followed
KemppainenJouni;KaiusNiemi;No;1687;Followed
Lauri_Kivinen;KaiusNiemi;No;1688;Followed
TimoKamarainen;markojunkkari;No;1689;Followed
MVirtanen;markojunkkari;Yes;1690;Followed
HeikkiRotko;markojunkkari;Yes;1691;Followed
vpk63;markojunkkari;No;1692;Followed
jukka_niva;markojunkkari;Yes;1693;Followed
afBjorkesten;markojunkkari;No;1694;Followed
Ruokanen;markojunkkari;Yes;1695;Followed
HolopainenMinna;markojunkkari;Yes;1696;Followed
TSadeoja;markojunkkari;Yes;1697;Followed
arnoahosniemi;markojunkkari;Yes;1698;Followed
MikaPettersson;markojunkkari;Yes;1699;Followed
ErvastiPekka;markojunkkari;Yes;1700;Followed
markojunkkari;HolopainenMinna;Yes;1701;Followed
markojunkkari;MikaPettersson;Yes;1702;Followed
markojunkkari;arnoahosniemi;Yes;1703;Followed
markojunkkari;AppelsinUlla;Yes;1704;Followed
markojunkkari;MVirtanen;Yes;1705;Followed
markojunkkari;jukka_niva;Yes;1706;Followed
markojunkkari;HeikkiRotko;Yes;1707;Followed
markojunkkari;TSadeoja;Yes;1708;Followed
markojunkkari;KemppainenJouni;Yes;1709;Followed
markojunkkari;Ruokanen;Yes;1710;Followed
markojunkkari;ErvastiPekka;Yes;1711;Followed
markojunkkari;Lauri_Kivinen;Yes;1712;Followed
AppelsinUlla;markojunkkari;Yes;1713;Followed
KemppainenJouni;markojunkkari;Yes;1714;Followed
Lauri_Kivinen;markojunkkari;Yes;1715;Followed
vpk63;HolopainenMinna;Yes;1716;Followed
vpk63;afBjorkesten;No;1717;Followed
vpk63;MikaPettersson;Yes;1718;Followed
vpk63;AppelsinUlla;Yes;1719;Followed
vpk63;TSadeoja;Yes;1720;Followed
vpk63;Lauri_Kivinen;Yes;1721;Followed
vpk63;arnoahosniemi;No;1722;Followed
HolopainenMinna;vpk63;Yes;1723;Followed
TSadeoja;vpk63;Yes;1724;Followed
MikaPettersson;vpk63;Yes;1725;Followed
AppelsinUlla;vpk63;Yes;1726;Followed
Lauri_Kivinen;vpk63;Yes;1727;Followed
TimoKamarainen;MikaPettersson;Yes;1728;Followed
MVirtanen;MikaPettersson;Yes;1729;Followed
HeikkiRotko;MikaPettersson;Yes;1730;Followed
JanneMa;MikaPettersson;No;1731;Followed
jukka_niva;MikaPettersson;Yes;1732;Followed
afBjorkesten;MikaPettersson;Yes;1733;Followed
Ruokanen;MikaPettersson;Yes;1734;Followed
HolopainenMinna;MikaPettersson;Yes;1735;Followed
TSadeoja;MikaPettersson;Yes;1736;Followed
arnoahosniemi;MikaPettersson;Yes;1737;Followed
MikaPettersson;HolopainenMinna;Yes;1738;Followed
MikaPettersson;arnoahosniemi;Yes;1739;Followed
MikaPettersson;AppelsinUlla;Yes;1740;Followed
MikaPettersson;TSadeoja;Yes;1741;Followed
MikaPettersson;TimoKamarainen;Yes;1742;Followed
MikaPettersson;HeikkiRotko;Yes;1743;Followed
MikaPettersson;afBjorkesten;Yes;1744;Followed
MikaPettersson;jukka_niva;Yes;1745;Followed
MikaPettersson;KemppainenJouni;Yes;1746;Followed
MikaPettersson;Ruokanen;Yes;1747;Followed
MikaPettersson;Lauri_Kivinen;Yes;1748;Followed
MikaPettersson;MVirtanen;Yes;1749;Followed
AppelsinUlla;MikaPettersson;Yes;1750;Followed
KemppainenJouni;MikaPettersson;Yes;1751;Followed
Lauri_Kivinen;MikaPettersson;Yes;1752;Followed
TimoKamarainen;afBjorkesten;Yes;1753;Followed
jukka_niva;afBjorkesten;Yes;1754;Followed
afBjorkesten;HolopainenMinna;Yes;1755;Followed
afBjorkesten;TimoKamarainen;Yes;1756;Followed
afBjorkesten;AppelsinUlla;Yes;1757;Followed
afBjorkesten;jukka_niva;Yes;1758;Followed
afBjorkesten;Lauri_Kivinen;Yes;1759;Followed
HolopainenMinna;afBjorkesten;Yes;1760;Followed
AppelsinUlla;afBjorkesten;Yes;1761;Followed
Lauri_Kivinen;afBjorkesten;Yes;1762;Followed
TimoKamarainen;AppelsinUlla;Yes;1763;Followed
MVirtanen;AppelsinUlla;Yes;1764;Followed
HeikkiRotko;AppelsinUlla;Yes;1765;Followed
JanneMa;AppelsinUlla;No;1766;Followed
jukka_niva;AppelsinUlla;Yes;1767;Followed
Ruokanen;AppelsinUlla;Yes;1768;Followed
HolopainenMinna;AppelsinUlla;Yes;1769;Followed
TSadeoja;AppelsinUlla;Yes;1770;Followed
arnoahosniemi;AppelsinUlla;Yes;1771;Followed
AppelsinUlla;TSadeoja;Yes;1772;Followed
AppelsinUlla;HolopainenMinna;Yes;1773;Followed
AppelsinUlla;MVirtanen;Yes;1774;Followed
AppelsinUlla;arnoahosniemi;Yes;1775;Followed
AppelsinUlla;TimoKamarainen;Yes;1776;Followed
AppelsinUlla;HeikkiRotko;Yes;1777;Followed
AppelsinUlla;KemppainenJouni;Yes;1778;Followed
AppelsinUlla;Ruokanen;Yes;1779;Followed
AppelsinUlla;Lauri_Kivinen;Yes;1780;Followed
AppelsinUlla;jukka_niva;Yes;1781;Followed
KemppainenJouni;AppelsinUlla;Yes;1782;Followed
Lauri_Kivinen;AppelsinUlla;Yes;1783;Followed
TimoKamarainen;KemppainenJouni;Yes;1784;Followed
MVirtanen;KemppainenJouni;Yes;1785;Followed
HeikkiRotko;KemppainenJouni;Yes;1786;Followed
JanneMa;KemppainenJouni;Yes;1787;Followed
jukka_niva;KemppainenJouni;Yes;1788;Followed
Ruokanen;KemppainenJouni;Yes;1789;Followed
HolopainenMinna;KemppainenJouni;Yes;1790;Followed
TSadeoja;KemppainenJouni;Yes;1791;Followed
arnoahosniemi;KemppainenJouni;Yes;1792;Followed
ErvastiPekka;KemppainenJouni;Yes;1793;Followed
KemppainenJouni;TimoKamarainen;Yes;1794;Followed
KemppainenJouni;HolopainenMinna;Yes;1795;Followed
KemppainenJouni;jukka_niva;Yes;1796;Followed
KemppainenJouni;JanneMa;Yes;1797;Followed
KemppainenJouni;MVirtanen;Yes;1798;Followed
KemppainenJouni;TSadeoja;Yes;1799;Followed
KemppainenJouni;arnoahosniemi;Yes;1800;Followed
KemppainenJouni;ErvastiPekka;Yes;1801;Followed
KemppainenJouni;Ruokanen;Yes;1802;Followed
KemppainenJouni;HeikkiRotko;Yes;1803;Followed
KemppainenJouni;Lauri_Kivinen;Yes;1804;Followed
Lauri_Kivinen;KemppainenJouni;Yes;1805;Followed
MVirtanen;TSadeoja;No;1806;Followed
JanneMa;TSadeoja;No;1807;Followed
jukka_niva;TSadeoja;No;1808;Followed
Ruokanen;TSadeoja;Yes;1809;Followed
HolopainenMinna;TSadeoja;Yes;1810;Followed
TSadeoja;HolopainenMinna;Yes;1811;Followed
TSadeoja;arnoahosniemi;Yes;1812;Followed
TSadeoja;HeikkiRotko;No;1813;Followed
TSadeoja;Ruokanen;Yes;1814;Followed
TSadeoja;Lauri_Kivinen;Yes;1815;Followed
arnoahosniemi;TSadeoja;Yes;1816;Followed
Lauri_Kivinen;TSadeoja;Yes;1817;Followed
TimoKamarainen;JanneMa;Yes;1818;Followed
MVirtanen;JanneMa;Yes;1819;Followed
JanneMa;jukka_niva;Yes;1820;Followed
JanneMa;MVirtanen;Yes;1821;Followed
JanneMa;TimoKamarainen;Yes;1822;Followed
JanneMa;HeikkiRotko;No;1823;Followed
JanneMa;HolopainenMinna;No;1824;Followed
JanneMa;ErvastiPekka;No;1825;Followed
JanneMa;Ruokanen;No;1826;Followed
JanneMa;Lauri_Kivinen;Yes;1827;Followed
jukka_niva;JanneMa;Yes;1828;Followed
Lauri_Kivinen;JanneMa;Yes;1829;Followed
TimoKamarainen;HolopainenMinna;No;1830;Followed
MVirtanen;HolopainenMinna;No;1831;Followed
HeikkiRotko;HolopainenMinna;Yes;1832;Followed
jukka_niva;HolopainenMinna;No;1833;Followed
Ruokanen;HolopainenMinna;Yes;1834;Followed
HolopainenMinna;arnoahosniemi;Yes;1835;Followed
HolopainenMinna;HeikkiRotko;Yes;1836;Followed
HolopainenMinna;Ruokanen;Yes;1837;Followed
HolopainenMinna;Lauri_Kivinen;Yes;1838;Followed
arnoahosniemi;HolopainenMinna;Yes;1839;Followed
ErvastiPekka;HolopainenMinna;No;1840;Followed
Lauri_Kivinen;HolopainenMinna;Yes;1841;Followed
TimoKamarainen;arnoahosniemi;No;1842;Followed
MVirtanen;arnoahosniemi;No;1843;Followed
HeikkiRotko;arnoahosniemi;Yes;1844;Followed
jukka_niva;arnoahosniemi;Yes;1845;Followed
Ruokanen;arnoahosniemi;Yes;1846;Followed
arnoahosniemi;jukka_niva;Yes;1847;Followed
arnoahosniemi;HeikkiRotko;Yes;1848;Followed
arnoahosniemi;Ruokanen;Yes;1849;Followed
arnoahosniemi;Lauri_Kivinen;Yes;1850;Followed
arnoahosniemi;ErvastiPekka;No;1851;Followed
Lauri_Kivinen;arnoahosniemi;Yes;1852;Followed
TimoKamarainen;jukka_niva;Yes;1853;Followed
MVirtanen;jukka_niva;Yes;1854;Followed
jukka_niva;TimoKamarainen;Yes;1855;Followed
jukka_niva;MVirtanen;Yes;1856;Followed
jukka_niva;HeikkiRotko;No;1857;Followed
jukka_niva;Ruokanen;Yes;1858;Followed
jukka_niva;Lauri_Kivinen;Yes;1859;Followed
jukka_niva;ErvastiPekka;Yes;1860;Followed
Ruokanen;jukka_niva;Yes;1861;Followed
ErvastiPekka;jukka_niva;Yes;1862;Followed
Lauri_Kivinen;jukka_niva;Yes;1863;Followed
TimoKamarainen;ErvastiPekka;No;1864;Followed
MVirtanen;ErvastiPekka;No;1865;Followed
Ruokanen;ErvastiPekka;Yes;1866;Followed
ErvastiPekka;Ruokanen;Yes;1867;Followed
Lauri_Kivinen;ErvastiPekka;No;1868;Followed
TimoKamarainen;HeikkiRotko;Yes;1869;Followed
HeikkiRotko;TimoKamarainen;Yes;1870;Followed
HeikkiRotko;Lauri_Kivinen;Yes;1871;Followed
Lauri_Kivinen;HeikkiRotko;Yes;1872;Followed
TimoKamarainen;Ruokanen;No;1873;Followed
MVirtanen;Ruokanen;No;1874;Followed
Lauri_Kivinen;Ruokanen;No;1875;Followed
TimoKamarainen;MVirtanen;Yes;1876;Followed
TimoKamarainen;Lauri_Kivinen;Yes;1877;Followed
MVirtanen;TimoKamarainen;Yes;1878;Followed
Lauri_Kivinen;TimoKamarainen;Yes;1879;Followed
MVirtanen;Lauri_Kivinen;Yes;1880;Followed
Lauri_Kivinen;MVirtanen;Yes;1881;Followed